L,T,J,D,Bx,By,Bz,seed,therm_sweeps,samples,skip,proposal_width,E_density_mean,E_density_stderr,M_abs_mean,M_abs_stderr,chi_abs,chi_vec,Cv_per_spin,helical_order_mean,helical_order_stderr,helical_susc_like,acceptance_rate,q_peak_final,axis_peak_final,n_peak_final,ml_configs_saved
8,0.8,1,1,0,0,0,1,2000,3000,5,0.6999999999999998,-2.5372116566128,0.0007349114546567,0.0548036751457187,0.0004510353992434,0.3905912282317295,2.307563712169777,1.2962276308456857,0.2539375345050628,0.0006221354473068,0.7431408284078159,0.7339815104166667,0.7853981633974482,2,1,0
8,0.8,1,1,0,0,0,2,2000,3000,5,0.6999999999999998,-2.538456669213881,0.0007444820444491,0.054909177226984,0.0004121417587683,0.3261327922956776,2.220860121014948,1.3302084348172838,0.2588114445924573,0.0006557524659488,0.8256216894681275,0.7341236979166667,5.497787143782138,2,7,0
8,0.8,1,1,0,0,0,3,2000,3000,5,0.6999999999999998,-2.5426250184928074,0.0007080306257154,0.054744964751743,0.0004665868037704,0.4179902312692541,2.2902025803833546,1.2031376806823262,0.2615401542739621,0.0005386213245932,0.5570168281086416,0.7337407552083333,5.497787143782138,2,7,0
8,0.8,1,1,0,0,0,4,2000,3000,5,0.6999999999999998,-2.538322411466451,0.0007297129699795,0.0568030623398643,0.0004384308805886,0.369065543143098,2.4104240104767536,1.2779544445352893,0.2634003260287037,0.0005259206176995,0.5310575925532692,0.7336865885416666,5.497787143782138,2,7,0
8,0.8,1,1,0,0,0,5,2000,3000,5,0.6999999999999998,-2.538355322177816,0.0007286753718912,0.0543253580841921,0.0004565070029554,0.4001253959949625,2.2842703643794704,1.2743227142420075,0.2540505915949062,0.000642600247464,0.7928353498385161,0.7343201822916666,5.497787143782138,2,7,0
8,0.9,1,1,0,0,0,1,2000,3000,5,0.6999999999999998,-2.414270421120558,0.000833994923078,0.0589032084578085,0.0004638631994847,0.3672218757738812,2.320896288628877,1.3189642082985635,0.2319128431200363,0.0005649718025264,0.5447562882560235,0.7533645833333333,5.497787143782138,2,7,0
8,0.9,1,1,0,0,0,2,2000,3000,5,0.6999999999999998,-2.405654939506437,0.0008695435932586,0.0582377459960567,0.0004597136006026,0.3606811214148819,2.1859942489170545,1.4338011222797582,0.2252119997369971,0.0005814288234725,0.5769548403450658,0.7537763020833333,5.497787143782138,2,7,0
8,0.9,1,1,0,0,0,3,2000,3000,5,0.6999999999999998,-2.410086310668269,0.0008364184372345,0.0607560818477054,0.0004716523969387,0.3796582119049127,2.462614129894966,1.3266409285137075,0.2225252104588534,0.0005487007663593,0.5138304529124146,0.7533848958333333,5.497787143782138,2,7,0
8,0.9,1,1,0,0,0,4,2000,3000,5,0.6999999999999998,-2.410307669000288,0.0008799211420833,0.058839405199408,0.0004805277576041,0.3940811534131988,2.3380633540874878,1.4682286768077593,0.2322115037675341,0.0006201497861017,0.6563596922914342,0.7537716145833333,5.497787143782138,2,7,0
8,0.9,1,1,0,0,0,5,2000,3000,5,0.6999999999999998,-2.4096711398772723,0.0008630579507868,0.0580935214331946,0.0004693763258941,0.3760027909288571,2.287612436125092,1.4124923760193266,0.2246955992986825,0.0006312066424813,0.6799732488749076,0.7536559895833334,0.7853981633974482,2,1,0
8,1.0,1,1,0,0,0,1,2000,3000,5,0.6999999999999998,-2.274974447481882,0.0009947265486425,0.0655489243168493,0.0005179591292575,0.4120806291167485,2.592376088237911,1.51984267249821,0.1994660246255321,0.0006478710366152,0.6447158478104004,0.771501953125,0.7853981633974482,2,1,0
8,1.0,1,1,0,0,0,2,2000,3000,5,0.6999999999999998,-2.2762412529883664,0.000969150482721,0.0598346866055628,0.0004713007623901,0.3411830916549438,2.1530981892450822,1.4426920829312826,0.202748761020357,0.0007224838105316,0.801765667553849,0.7713694010416666,0.7853981633974482,2,1,0
8,1.0,1,1,0,0,0,3,2000,3000,5,0.6999999999999998,-2.2637291187672117,0.0010094412166724,0.0656613109623443,0.0005040418851346,0.3902334289460368,2.5479727277087707,1.565140331392763,0.1743855688857236,0.0007686882119653,0.9075940872414828,0.7717032552083333,0.7853981633974482,2,1,0
8,1.0,1,1,0,0,0,4,2000,3000,5,0.6999999999999998,-2.264636235228316,0.0009874360029099,0.0625350853665182,0.0005089663352382,0.3978957779034393,2.377488983839958,1.4976458647184892,0.1922737768880308,0.0006936945590178,0.7391418489001141,0.7716119791666666,5.497787143782138,2,7,0
8,1.0,1,1,0,0,0,5,2000,3000,5,0.6999999999999998,-2.248007817897164,0.0010722615720686,0.067406560151032,0.0005371992090934,0.4432634730250389,2.699068886410899,1.7660081340442633,0.1379875753945697,0.0012455833524843,2.383070035946831,0.7730895833333333,5.497787143782138,1,7,0
8,1.1,1,1,0,0,0,1,2000,3000,5,0.6999999999999998,-2.0978312779854438,0.0011513847761433,0.0691666088369244,0.0005605602967821,0.4387763381459158,2.6018292606360225,1.6828554401656783,0.0973333097914065,0.000944602384759,1.2459384998994207,0.7895720052083333,5.497787143782138,1,7,0
8,1.1,1,1,0,0,0,2,2000,3000,5,0.6999999999999998,-2.099300491356538,0.001098014294335,0.0725171556236415,0.000566053071026,0.4474173615262528,2.860537082737086,1.530459470997174,0.1085460590665773,0.0006507285027185,0.5912868085531153,0.7895604166666667,0.7853981633974482,1,1,0
8,1.1,1,1,0,0,0,3,2000,3000,5,0.6999999999999998,-2.069116376592429,0.0010615209282552,0.0820416745264872,0.0006108695979277,0.5210693804297681,3.5559433193202263,1.4304180018234651,0.0613280085789346,0.0004440035969871,0.2752780019956903,0.7910658854166666,5.497787143782138,1,7,0
8,1.1,1,1,0,0,0,4,2000,3000,5,0.6999999999999998,-2.09349424889106,0.0011358174345809,0.0713187614461492,0.0005666581833292,0.4483744536212949,2.795909259487703,1.637656852773632,0.0893064519987118,0.0009039997552183,1.1411300874726866,0.7899680989583333,0.7853981633974482,1,1,0
8,1.1,1,1,0,0,0,5,2000,3000,5,0.6999999999999998,-2.1004177671687345,0.0011037469235788,0.0742780985899211,0.0005623359681751,0.44156054030457,3.0040616221575087,1.546481957629686,0.122313116165863,0.0008531164022701,1.0162840610755466,0.7895846354166666,5.497787143782138,1,7,0
8,1.15,1,1,0,0,0,1,2000,3000,5,0.6999999999999998,-2.003119562019675,0.001160347213076,0.0740691569284247,0.000542872350668,0.3936305719027357,2.791116857545219,1.5637649042844322,0.0768717384365427,0.0008124547903975,0.8816410086710643,0.7988874999999999,0.7853981633974482,1,1,0
8,1.15,1,1,0,0,0,2,2000,3000,5,0.6999999999999998,-1.994571076948475,0.0011085015860023,0.0809144661664644,0.0006287106431537,0.5279526816031331,3.413077820669305,1.427145237683766,0.060668255175168,0.0006670271811772,0.5942653913212181,0.7988803385416666,0.7853981633974482,1,1,0
8,1.15,1,1,0,0,0,3,2000,3000,5,0.6999999999999998,-2.0051557068332784,0.0011586161029805,0.0796503911370462,0.0006145940413817,0.5045103335983736,3.2276300636090327,1.5591024551953314,0.0545952173722483,0.000576951363248,0.4446023798701211,0.7983779947916667,0.7853981633974482,0,1,0
8,1.15,1,1,0,0,0,4,2000,3000,5,0.6999999999999998,-2.007324314783216,0.0012896271313603,0.0736839453993925,0.0005433690559594,0.3943512121534176,2.7074368384897816,1.9316296256159,0.0906558516239999,0.0009384199094552,1.176217946996208,0.7981752604166666,5.497787143782138,2,7,0
8,1.15,1,1,0,0,0,5,2000,3000,5,0.6999999999999998,-2.0159123813476647,0.0011743121132309,0.0721131703043391,0.0005307716020002,0.3762779182612804,2.6580941567009204,1.60163155443136,0.0912247555626561,0.0008561461285116,0.9790146026169296,0.7977766927083332,5.497787143782138,2,7,0
8,1.2,1,1,0,0,0,1,2000,3000,5,0.6999999999999998,-1.9324414731150883,0.0012413727702703,0.0805127487530624,0.0006289908608116,0.5064057638202617,3.252858417394489,1.6437401117532662,0.0556521364208659,0.0005525815000425,0.3908432821622924,0.8062985677083333,0.7853981633974482,1,1,0
8,1.2,1,1,0,0,0,2,2000,3000,5,0.6999999999999998,-1.925901919813913,0.0012576604327743,0.0837118954367196,0.0005845683183796,0.4374017521321518,3.3965883113194915,1.6871570817772388,0.0685458089413134,0.000546211434114,0.3818840713688761,0.8063639322916667,0.7853981633974482,0,1,0
8,1.2,1,1,0,0,0,3,2000,3000,5,0.6999999999999998,-1.9268171284950717,0.0011799437598478,0.0770758574279636,0.0006088398936045,0.4744781005367767,2.9868628961212207,1.4850850948307286,0.0430446074652562,0.0004214215155093,0.2273229999797548,0.8063119791666666,5.497787143782138,2,7,0
8,1.2,1,1,0,0,0,4,2000,3000,5,0.6999999999999998,-1.9144965508924816,0.0012367151543582,0.0830157187881304,0.0005901900761618,0.4458551372799396,3.322988038428364,1.6314286645539384,0.0541912555086769,0.0005145313033922,0.3388703515783335,0.8068874999999999,0.7853981633974482,2,1,0
8,1.2,1,1,0,0,0,5,2000,3000,5,0.6999999999999998,-1.924429200467846,0.0012838433188159,0.0733329817137892,0.0005410017426506,0.3746340935053997,2.652508648592307,1.7581372450862685,0.0506763391313341,0.0007070436632232,0.6398857493813918,0.8064404947916666,0.7853981633974482,2,1,0
8,1.25,1,1,0,0,0,1,2000,3000,5,0.6999999999999998,-1.8498786413392552,0.0013048033125212,0.0806717579828041,0.0005965060862467,0.4372310150301074,3.0557519067758,1.673637086199654,0.0521086193944452,0.0005010995284401,0.3085525861207522,0.8136268229166665,0.7853981633974482,0,1,0
8,1.25,1,1,0,0,0,2,2000,3000,5,0.6999999999999998,-1.8497642660135676,0.0012621640973821,0.0816798817925866,0.000639487209706,0.5025102537248362,3.2106124275613945,1.566039941500589,0.0466117965123868,0.00042505454196,0.2220089716419336,0.8136682291666667,5.497787143782138,2,7,0
8,1.25,1,1,0,0,0,3,2000,3000,5,0.6999999999999998,-1.8513715292446535,0.0012417909222361,0.0805552491101849,0.0005943567426123,0.4340858111862292,2.9998833397574924,1.515891616528678,0.040454293051461,0.0003422487516983,0.143934514838432,0.8134313802083333,5.497787143782138,0,7,0
8,1.25,1,1,0,0,0,4,2000,3000,5,0.6999999999999998,-1.859974601519512,0.0013383941963203,0.0773554124203891,0.000639539600922,0.5025925953301364,2.872731718188952,1.7609185932842504,0.0630389532142568,0.0006103320182415,0.457734355956673,0.8134580729166667,5.497787143782138,2,7,0
8,1.25,1,1,0,0,0,5,2000,3000,5,0.6999999999999998,-1.85621173862086,0.001229494208091,0.0774912751829896,0.0005917167319324,0.4302381353150399,2.825441488564951,1.4860183218383267,0.0489160621500969,0.0005207041769767,0.3331680336949695,0.8133248697916666,5.497787143782138,2,7,0
8,1.3,1,1,0,0,0,1,2000,3000,5,0.6999999999999998,-1.7737589980614514,0.001375246135209,0.0779949147690993,0.0005887630327597,0.4095707475627309,2.7995025373806133,1.7189584427086455,0.0461960237237527,0.000513671301219,0.3117586184224902,0.8208243489583333,0.7853981633974482,1,1,0
8,1.3,1,1,0,0,0,2,2000,3000,5,0.6999999999999998,-1.787762937180002,0.0012260723419062,0.0783170948265398,0.0005614005927006,0.3723862159572759,2.7388045931954723,1.3662705345174373,0.0489944873983857,0.0006090864967145,0.4383346536133113,0.8202283854166666,5.497787143782138,1,7,0
8,1.3,1,1,0,0,0,3,2000,3000,5,0.6999999999999998,-1.761651461253108,0.0012242787853048,0.0826780415839464,0.0006559666686615,0.5084068671742784,3.088256715148046,1.3622761679353563,0.0355169544621619,0.000400599146079,0.1896129092992708,0.82121875,5.497787143782138,0,7,0
8,1.3,1,1,0,0,0,4,2000,3000,5,0.6999999999999998,-1.757246760704906,0.0013763933619932,0.0829684230721322,0.0006266745864279,0.4640150101952941,3.1501771092862048,1.7218275403184893,0.0402596566159305,0.0003955558837165,0.1848687739779124,0.8215966145833333,5.497787143782138,0,7,0
8,1.3,1,1,0,0,0,5,2000,3000,5,0.6999999999999998,-1.7696783920314356,0.0012693352038658,0.0819330897486728,0.000606028165347,0.4339437928690999,3.0625792096080637,1.4643913707761396,0.0427085003331995,0.0004481395699259,0.2372872752838095,0.8212320312499999,0.7853981633974482,2,1,0
8,1.35,1,1,0,0,0,1,2000,3000,5,0.6999999999999998,-1.6919824815351363,0.0012662210271661,0.0839804990271122,0.0006434128421163,0.471017341610918,3.124998816266591,1.3512718240237689,0.0359282849280006,0.0003955556958824,0.1780216132778964,0.8281296875,5.497787143782138,1,7,0
8,1.35,1,1,0,0,0,2,2000,3000,5,0.6999999999999998,-1.7001574788821618,0.0013345104281867,0.0826461775144448,0.0006658839712406,0.504492331412087,2.984614900827217,1.5009548287488137,0.0308072827347826,0.0002895931752589,0.0954188312537033,0.82770703125,5.497787143782138,2,7,0
8,1.35,1,1,0,0,0,3,2000,3000,5,0.6999999999999998,-1.698672264032437,0.0013871449053832,0.0808124778971532,0.0006377215844011,0.462721500969121,2.870926515914377,1.621688141773981,0.0397600476633191,0.0003606215229757,0.1479655911348375,0.8279057291666667,0.7853981633974482,0,1,0
8,1.35,1,1,0,0,0,4,2000,3000,5,0.6999999999999998,-1.6927176178826,0.0013140387295354,0.0806314957089626,0.0006273518073895,0.4477955302228152,2.800740055578022,1.4552580489747522,0.033106915491935,0.0003370084761281,0.1292227845486797,0.8280240885416666,0.7853981633974482,2,1,0
8,1.35,1,1,0,0,0,5,2000,3000,5,0.6999999999999998,-1.6874239648296707,0.0013356584432516,0.081665459199283,0.0006323675831023,0.4549845448917039,2.923840668564479,1.5035383378420812,0.0320837031657117,0.0003849502261909,0.1686035076487832,0.8283865885416666,0.7853981633974482,2,1,0
8,1.4,1,1,0,0,0,1,2000,3000,5,0.6999999999999998,-1.6309201167454614,0.0013979752856197,0.0845555702243082,0.0006538809408274,0.4690947124415272,3.0673695604320534,1.5315604108045464,0.0266880122555258,0.0002301371664296,0.0581081037227274,0.8343901041666667,0.7853981633974482,0,1,0
8,1.4,1,1,0,0,0,2,2000,3000,5,0.6999999999999998,-1.6249738342310995,0.0013546491878285,0.0790547493469816,0.0005998648804932,0.3947935541202695,2.5963896946839418,1.4380991389396518,0.0268655242460638,0.0002226322452368,0.054380013662221,0.8344386718749999,5.497787143782138,1,7,0
8,1.4,1,1,0,0,0,3,2000,3000,5,0.6999999999999998,-1.6101764099048326,0.0015369278264854,0.0859924977516575,0.0006922117471136,0.5257037928324727,3.1960772856033035,1.8511520474059333,0.0315360421817,0.0002942513748717,0.0949948762849907,0.835044921875,0.7853981633974482,2,1,0
8,1.4,1,1,0,0,0,4,2000,3000,5,0.6999999999999998,-1.6174267539211766,0.001287117496426,0.0870241418888621,0.0006780716249801,0.5044455810961445,3.1599877077725997,1.298289462548445,0.0308917014911384,0.0002669732949228,0.0781985721073037,0.8347376302083332,5.497787143782138,2,7,0
8,1.4,1,1,0,0,0,5,2000,3000,5,0.6999999999999998,-1.6209335633123,0.0013240912444097,0.0778792964274227,0.0006373939122136,0.4457373249759347,2.6462728899177534,1.373950137617695,0.0271355878481175,0.0003510469703468,0.1352052758561084,0.8345399739583333,5.497787143782138,0,7,0
8,1.45,1,1,0,0,0,1,2000,3000,5,0.6999999999999998,-1.5431776592398168,0.0013654717927426,0.0811413876968757,0.000625822551583,0.4148829919195862,2.6763448006821555,1.3621366473092076,0.0243608930512341,0.0002370497524979,0.0595253867619037,0.8411079427083333,0.7853981633974482,2,1,0
8,1.45,1,1,0,0,0,2,2000,3000,5,0.6999999999999998,-1.547206909182125,0.001360708524884,0.0836439040847242,0.000610501452128,0.3948177016589987,2.8641188502795094,1.3526499554658606,0.0258852424753194,0.0002313693058482,0.056706742577833,0.8409130208333333,5.497787143782138,2,7,0
8,1.45,1,1,0,0,0,3,2000,3000,5,0.6999999999999998,-1.542445102397601,0.0013302030992949,0.0820601871136899,0.0006311189703587,0.4219351266834384,2.715622131789836,1.2926802750698645,0.0219914493317054,0.0002278580517372,0.0549986428378823,0.8411993489583333,5.497787143782138,0,7,0
8,1.45,1,1,0,0,0,4,2000,3000,5,0.6999999999999998,-1.552783067614566,0.0013978518309502,0.0867929308662004,0.0006750676004764,0.4827449540464169,3.109923974326442,1.4275045149217944,0.0235701242954429,0.0002081950752845,0.0459160075010504,0.8408885416666667,5.497787143782138,1,7,0
8,1.45,1,1,0,0,0,5,2000,3000,5,0.6999999999999998,-1.535059379930238,0.0013639805908859,0.0843210820924976,0.0006520050162083,0.4503239939469788,2.9573888658299388,1.3591631526058263,0.024314007931543,0.0002324067673033,0.0572164295380315,0.8417450520833332,0.7853981633974482,2,1,0
8,1.5,1,1,0,0,0,1,2000,3000,5,0.6999999999999998,-1.4732224085930292,0.001458930638499,0.0847491715680296,0.0006231117780154,0.397586726811256,2.829071266368063,1.4530413963613968,0.0216376526781049,0.0002016736175616,0.0416483819728723,0.8474600260416667,5.497787143782138,2,7,0
8,1.5,1,1,0,0,0,2,2000,3000,5,0.6999999999999998,-1.4806702263707872,0.001403164363899,0.0803718578911162,0.0006551580642049,0.4395336592309815,2.6335251277431824,1.3440820784579186,0.0217518091811051,0.0001825813356767,0.034136006796819,0.8471384114583334,0.7853981633974482,0,1,0
8,1.5,1,1,0,0,0,3,2000,3000,5,0.6999999999999998,-1.4865299600543167,0.0013697186173116,0.0759113331944047,0.0005832096494363,0.3482966990804222,2.2938106284233255,1.2807707925232608,0.0237024409737628,0.0001950463296871,0.0389561044218315,0.8464782552083333,5.497787143782138,1,7,0
8,1.5,1,1,0,0,0,4,2000,3000,5,0.6999999999999998,-1.4792509742933186,0.0013826178837676,0.0821139307716364,0.0006619908452791,0.4487494443350413,2.6803351360979133,1.3050075904097145,0.022728242940041,0.0002022670909392,0.0418938635028592,0.8472458333333333,5.497787143782138,1,7,0
8,1.5,1,1,0,0,0,5,2000,3000,5,0.6999999999999998,-1.4816318716307335,0.0014189408695726,0.081727495023912,0.000647109016954,0.4288000817390103,2.685895671679768,1.3744764186238152,0.0206011230954066,0.0002128125084554,0.04637610368522,0.8469606770833333,0.7853981633974482,0,1,0
8,1.55,1,1,0,0,0,1,2000,3000,5,0.6999999999999998,-1.4143603708092944,0.0014345154780002,0.0808941261388724,0.0006622044300791,0.4345539292157648,2.514656542834972,1.3156437180319287,0.0188353152532662,0.0001522831773551,0.0229807065405536,0.8528897135416666,1.5707963267948966,0,2,0
8,1.55,1,1,0,0,0,2,2000,3000,5,0.6999999999999998,-1.4109744449456103,0.0014570584642862,0.0798430515917284,0.0006425874667037,0.4091890645369131,2.5076202160022727,1.3573185222821544,0.0174410496294266,0.0001439718864356,0.0205406843050317,0.8527820312499999,0.7853981633974482,2,1,0
8,1.55,1,1,0,0,0,3,2000,3000,5,0.6999999999999998,-1.4127109340715818,0.0013338790997913,0.078096308270512,0.0006043259538304,0.361911188783663,2.370599891150236,1.1375244884883926,0.0195391036173564,0.0001580581656087,0.0247567363788261,0.8529391927083332,0.7853981633974482,0,1,0
8,1.55,1,1,0,0,0,4,2000,3000,5,0.6999999999999998,-1.4076288069384588,0.0014305669327196,0.079827344863579,0.0005780114031927,0.3310795302524481,2.4097281832117856,1.3084109912383484,0.0207680600760024,0.0002061886401582,0.0421297601208936,0.85309921875,5.497787143782138,1,7,0
8,1.55,1,1,0,0,0,5,2000,3000,5,0.6999999999999998,-1.4050505838886036,0.0013764655688583,0.0815543820258752,0.0006690134087172,0.443536292543694,2.6255095685856613,1.2113189852320678,0.0212785216962765,0.0001728996607078,0.0296242797067983,0.8534696614583333,5.497787143782138,0,7,0
8,1.6,1,1,0,0,0,1,2000,3000,5,0.6999999999999998,-1.3484413394184402,0.0014395892253016,0.0837386432832487,0.0006065512080548,0.3531881932731239,2.579043041763916,1.243450282562814,0.0205236489273796,0.0001810482980267,0.0314673467696432,0.8588227864583333,5.497787143782138,1,7,0
8,1.6,1,1,0,0,0,2,2000,3000,5,0.6999999999999998,-1.3553917803443472,0.001400598286512,0.0805557752931302,0.0006116963598159,0.3592055391475922,2.3942628999494326,1.1770053361082704,0.0231806433902619,0.0002500181942781,0.0600087335712908,0.8578772135416666,5.497787143782138,0,7,0
8,1.6,1,1,0,0,0,3,2000,3000,5,0.6999999999999998,-1.3417716131946564,0.0013567363183214,0.0810190912967259,0.0006319505817778,0.3833870762969787,2.476642077838459,1.1044400624714754,0.0196002349989985,0.0001811479983584,0.0315020134168933,0.8586916666666666,0.7853981633974482,1,1,0
8,1.6,1,1,0,0,0,4,2000,3000,5,0.6999999999999998,-1.3468603612622412,0.0014940626782453,0.0786591057503314,0.00058833381019,0.3322912053242023,2.3005088801927807,1.339333971915321,0.0207654732321941,0.0001920209592749,0.0353971668488408,0.858747265625,5.497787143782138,0,7,0
8,1.6,1,1,0,0,0,5,2000,3000,5,0.6999999999999998,-1.3557185263404163,0.0013549815574037,0.0857489625431759,0.0006679840725241,0.4283546123001519,2.7654508379437712,1.1015850125425637,0.018753970208089,0.0001620995722124,0.0252252204589921,0.858226171875,0.7853981633974482,1,1,0
8,1.65,1,1,0,0,0,1,2000,3000,5,0.6999999999999998,-1.2941168242555332,0.0014607012919327,0.0782976355952221,0.0006038414170813,0.3394322217730937,2.2340215015937774,1.2037773127250548,0.0192606665350817,0.0001801593220234,0.0302148713304097,0.8634803385416666,0.7853981633974482,0,1,0
8,1.65,1,1,0,0,0,2,2000,3000,5,0.6999999999999998,-1.2904530088730588,0.001476354055527,0.0792025580263328,0.0006152294388524,0.3523558515718116,2.2439812119496247,1.2297147153750112,0.0169658375117593,0.0001762016298863,0.0289019479269097,0.8638779947916667,5.497787143782138,2,7,0
8,1.65,1,1,0,0,0,3,2000,3000,5,0.6999999999999998,-1.2860786975193266,0.0014862660079099,0.0796848836720599,0.0006056890796055,0.3415126212919274,2.2566247900126606,1.2462822731564107,0.0163480134565696,0.000145199863464,0.0196263566894299,0.8638084635416666,5.497787143782138,0,7,0
8,1.65,1,1,0,0,0,4,2000,3000,5,0.6999999999999998,-1.2899508121071626,0.0014843068965534,0.0818398760455394,0.0006119970453081,0.3486630478810127,2.391934554364093,1.2429988816924846,0.0165880530083329,0.0001623014001886,0.0245217694284182,0.8636522135416665,5.497787143782138,1,7,0
8,1.65,1,1,0,0,0,5,2000,3000,5,0.6999999999999998,-1.2859699181565143,0.0013658142973878,0.0771065936108416,0.0005821415578369,0.3154746585468055,2.1529024236027094,1.052462514395497,0.0171137784590286,0.0001418576991285,0.018733248513893,0.863987109375,0.7853981633974482,0,1,0
8,1.7,1,1,0,0,0,1,2000,3000,5,0.6999999999999998,-1.23102258436848,0.0014630203290874,0.0830649498610221,0.0006183451166092,0.3454650879107099,2.3773269007466133,1.1376118167419926,0.0164577265383121,0.0001582677141227,0.0226322094685129,0.8687662760416666,5.497787143782138,2,7,0
8,1.7,1,1,0,0,0,2,2000,3000,5,0.6999999999999998,-1.2280779280340426,0.0013546301935186,0.0784800464454957,0.0005834021752364,0.3075235521390858,2.146407154527667,0.9752924804122304,0.0158368354749038,0.0001352442133285,0.0165264539758095,0.8691704427083333,0.7853981633974482,1,1,0
8,1.7,1,1,0,0,0,3,2000,3000,5,0.6999999999999998,-1.2341280218465578,0.0014730608872929,0.0764079631688228,0.0005557704701665,0.2790829015423957,2.025138126369769,1.1532800235656309,0.0165920242173157,0.0001511800010286,0.0206505195318359,0.8685291666666666,0.7853981633974482,0,1,0
8,1.7,1,1,0,0,0,4,2000,3000,5,0.6999999999999998,-1.2345432023002954,0.001396798422088,0.0771720544738634,0.0005851823536076,0.3094031543481278,2.082527726140269,1.0369572310973951,0.0153952695993198,0.0001292540030209,0.0150949020282911,0.8685445312499999,0.7853981633974482,0,1,0
8,1.7,1,1,0,0,0,5,2000,3000,5,0.6999999999999998,-1.2383482044583258,0.0014232724502176,0.0738493160668057,0.0005906595825807,0.3152222049832163,1.9049863059361911,1.0766373917489394,0.015234218286201,0.000131259053085,0.0155668531351707,0.8686813802083333,0.7853981633974482,0,1,0
8,1.8,1,1,0,0,0,1,2000,3000,5,0.6999999999999998,-1.1427094300387302,0.0014004516765628,0.0776862854545049,0.000573872112462,0.2810275852473048,1.9451331531466205,0.9297848407170766,0.0149293919318944,0.0001291953922479,0.0142433701359752,0.8770936197916666,5.497787143782138,2,7,0
8,1.8,1,1,0,0,0,2,2000,3000,5,0.6999999999999998,-1.1258255921619098,0.0014266640245516,0.0802562890027943,0.0006288276465659,0.3374286584198067,2.084987633791403,0.9649162614281168,0.0125522664254887,8.565401169994241e-05,0.0062605736279841,0.8779846354166667,5.497787143782138,2,7,0
8,1.8,1,1,0,0,0,3,2000,3000,5,0.6999999999999998,-1.1259378135946017,0.0012745817431153,0.0799911187958108,0.0006120279910815,0.3196401167934139,2.112732733951737,0.7701611235000589,0.0139608424590681,0.0001013032609722,0.0087572059166827,0.8777798177083334,4.71238898038469,2,6,0
8,1.8,1,1,0,0,0,4,2000,3000,5,0.6999999999999998,-1.1332586249012568,0.0014400409527121,0.0818099011417895,0.0006160975600574,0.3239050269941096,2.161419013640284,0.9830959148981075,0.0134433656629628,0.0001074484759146,0.0098518826465123,0.8777010416666666,5.497787143782138,2,7,0
8,1.8,1,1,0,0,0,5,2000,3000,5,0.6999999999999998,-1.1400578039270153,0.0013976013783298,0.0766727193776036,0.0005925235473998,0.2995918116038724,1.9306167108852972,0.9260039645437746,0.0150735329551079,0.000119452253339,0.0121760775063595,0.8770876302083332,5.497787143782138,1,7,0
8,1.9,1,1,0,0,0,1,2000,3000,5,0.6999999999999998,-1.0445466509358543,0.0013579125855863,0.0753145958647248,0.0005830104406553,0.2747832648055655,1.7802542828993184,0.7845626710204853,0.0125457953413011,8.694786973224307e-05,0.0061116082264725,0.8855380208333333,5.497787143782138,2,7,0
8,1.9,1,1,0,0,0,2,2000,3000,5,0.6999999999999998,-1.0470765989609785,0.0013995760980699,0.0757715066171661,0.0005957660331512,0.2869386775634004,1.7900669233837112,0.8334451962846011,0.0128173628865101,0.0001060528561754,0.0090924799754613,0.8853444010416666,0.7853981633974482,2,1,0
8,1.9,1,1,0,0,0,3,2000,3000,5,0.6999999999999998,-1.043658306592386,0.0013105347391981,0.0767334245706398,0.000589228074799,0.2806754822451423,1.8509219051659755,0.730770637358217,0.0119760403140659,8.624630162625381e-05,0.0060133789999481,0.885146875,5.497787143782138,0,7,0
8,1.9,1,1,0,0,0,4,2000,3000,5,0.6999999999999998,-1.04569699061778,0.001343050145368,0.0784911667041936,0.0006023601847257,0.2933257098586504,1.9456287297373336,0.7674824798910431,0.0113559397177825,8.045232265650864e-05,0.005232566881679,0.8854319010416666,4.71238898038469,0,6,0
8,1.9,1,1,0,0,0,5,2000,3000,5,0.6999999999999998,-1.0502724036682127,0.0014261106626063,0.0744124308155674,0.000554405884703,0.2484810522893366,1.7302297013078374,0.8653473494158112,0.0115665234499417,8.850143470082244e-05,0.0063319610832335,0.8851486979166666,5.497787143782138,0,7,0
8,2.0,1,1,0,0,0,1,2000,3000,5,0.6999999999999998,-0.9866777964911267,0.0013115244902068,0.0749746721284554,0.0005934770928453,0.2705011658743152,1.7004969856514396,0.6605170515503193,0.0113077280948585,8.228126006308373e-05,0.0051995180218128,0.8918903645833333,5.497787143782138,0,7,0
8,2.0,1,1,0,0,0,2,2000,3000,5,0.6999999999999998,-0.9734096723762958,0.0014057116661475,0.077581117360614,0.0006028970893304,0.2791564034481439,1.723305871761128,0.7587937107238503,0.0110051570174251,7.867463587081917e-05,0.0047536883169837,0.8921302083333333,3.9269908169872414,1,5,0
8,2.0,1,1,0,0,0,3,2000,3000,5,0.6999999999999998,-0.9779321545075872,0.0014161356138059,0.0729345684207096,0.0005100516391546,0.1997972540961142,1.5419729264140842,0.7700889894487943,0.0109986654527432,8.118281748169907e-05,0.0050616190880769,0.891840234375,4.71238898038469,2,6,0
8,2.0,1,1,0,0,0,4,2000,3000,5,0.6999999999999998,-0.975899946118518,0.0013537809546135,0.0741392429410588,0.0005889197818937,0.2663627593004746,1.6413357125836403,0.7037655832605139,0.0105058826157024,8.018163271576586e-05,0.0049375443647738,0.8921248697916667,5.497787143782138,0,7,0
8,2.0,1,1,0,0,0,5,2000,3000,5,0.6999999999999998,-0.9764788051126299,0.0013356499642034,0.0739963868260568,0.0005372449479993,0.2216694790278262,1.6220870445888598,0.6850409575206245,0.0113413115792884,8.954557293002246e-05,0.006158138596889,0.8922515625,0.7853981633974482,0,1,0
16,0.8,1,1,0,0,0,1,2000,3000,5,0.6999999999999998,-2.546009976821201,0.0002561599450152,0.0196456920510988,0.0001565726391384,0.3765502667795065,2.3341202087109982,1.2598640146601277,0.1404991774248347,0.0006242703176647,5.985998277384527,0.7336426269531249,5.497787143782138,2,14,0
16,0.8,1,1,0,0,0,2,2000,3000,5,0.6999999999999998,-2.549308308788736,0.0002687698339569,0.0196496784272452,0.0001475646491411,0.3344690023856271,2.3094103840582445,1.3869546939884243,0.1021580912721696,0.00095833588038,14.106741651821311,0.7335412923177083,5.497787143782138,2,14,0
16,0.8,1,1,0,0,0,3,2000,3000,5,0.6999999999999998,-2.548875829400031,0.00024406609868,0.0195123512634659,0.0001592287665289,0.3894343693874722,2.3019522736540208,1.1437106020776588,0.109383138141289,0.0007096015634895,7.734288060009367,0.7336645182291666,0.7853981633974482,2,2,0
16,0.8,1,1,0,0,0,4,2000,3000,5,0.6999999999999998,-2.544861634527801,0.0002662556153602,0.0190434211464261,0.0001434942555519,0.3162716371416169,2.16452612043315,1.3611274120484826,0.1497699757674856,0.0003546534728403,1.9319667578533477,0.7337463541666666,5.497787143782138,2,14,0
16,0.8,1,1,0,0,0,5,2000,3000,5,0.6999999999999998,-2.549349202901891,0.0002629084157959,0.0191611099151002,0.000147987509937,0.3363886555754327,2.209391554041924,1.3271200338497935,0.1028657818486665,0.0007864729239378,9.50076917894209,0.7335236816406249,5.497787143782138,2,14,0
16,0.9,1,1,0,0,0,1,2000,3000,5,0.6999999999999998,-2.4158501950549818,0.0003041442664457,0.0207377540842805,0.0001658234783364,0.3754315225440841,2.3290405077193967,1.4033159177374908,0.1567085460553475,0.000665498035614,6.046892515412496,0.7532283854166667,5.497787143782138,2,14,0
16,0.9,1,1,0,0,0,2,2000,3000,5,0.6999999999999998,-2.414227619028035,0.0002996714221427,0.020275337736662,0.0001603379602223,0.3510034635195994,2.216829482402377,1.36234418250454,0.1222580105581442,0.0006299923443059,5.418876298364997,0.7534064290364583,0.7853981633974482,2,2,0
16,0.9,1,1,0,0,0,3,2000,3000,5,0.6999999999999998,-2.4190271957635208,0.0003064612462396,0.0202356460829482,0.0001726574808646,0.4070141364706639,2.257240647167424,1.4247783605551971,0.099891772677754,0.0006706884446945,6.141583221374631,0.75308623046875,0.7853981633974482,2,2,0
16,0.9,1,1,0,0,0,4,2000,3000,5,0.6999999999999998,-2.419161799560879,0.0003021401426527,0.0206518147964572,0.0001733327065023,0.4102038479316498,2.331308929907813,1.384882870836536,0.0936562384309712,0.000650747481208,5.781808254956645,0.7531319498697917,0.7853981633974482,2,2,0
16,0.9,1,1,0,0,0,5,2000,3000,5,0.6999999999999998,-2.4174605687156467,0.0003024689574673,0.0200977917352322,0.0001638318090844,0.3664672313053201,2.1607808346174093,1.3878988076587129,0.1076779821474893,0.0007706831890724,8.109432530519381,0.753325390625,0.7853981633974482,2,2,0
16,1.0,1,1,0,0,0,1,2000,3000,5,0.6999999999999998,-2.2612491891503343,0.0003555039272769,0.0261296316764868,0.0002016354339909,0.4995913511820895,3.1309370261686933,1.5529948238969855,0.049901929980967,0.0009915524384508,12.081269614975117,0.772118896484375,5.497787143782138,1,14,0
16,1.0,1,1,0,0,0,2,2000,3000,5,0.6999999999999998,-2.257770585778789,0.0004062301822099,0.0267408383330143,0.000214145014837,0.563504177720263,3.1569413332609733,2.027802144010073,0.046423523916217,0.0009909358565719,12.06624917717092,0.7723073567708332,0.7853981633974482,1,2,0
16,1.0,1,1,0,0,0,3,2000,3000,5,0.6999999999999998,-2.2713883139685542,0.0003394192452058,0.025033865080378,0.0001930456346389,0.4579321903490023,2.964854491830751,1.4156442503099127,0.0649455822848171,0.0006481005101313,5.161381124904846,0.7715669759114582,0.7853981633974482,2,2,0
16,1.0,1,1,0,0,0,4,2000,3000,5,0.6999999999999998,-2.2539101087627915,0.0003694298059463,0.027118083618668,0.0002068638870953,0.5258363017322859,3.3875373509086386,1.6770463521367205,0.0533792760857494,0.0005692996688038,3.9825667633179935,0.7724778808593749,5.497787143782138,2,14,0
16,1.0,1,1,0,0,0,5,2000,3000,5,0.6999999999999998,-2.265853274509887,0.0003314109414692,0.0243966895967273,0.0001917449395849,0.4517821053718623,2.7103781244868923,1.3496305105989364,0.0650312305603053,0.0003469163599033,1.4788726059241486,0.7718467122395833,5.497787143782138,2,14,0
16,1.1,1,1,0,0,0,1,2000,3000,5,0.6999999999999998,-2.1036715653074314,0.000397354333665,0.02621249879965,0.0001977684452375,0.4369205947860204,2.9556683260254317,1.603436406723981,0.0151681733545308,0.0002705230767211,0.8175176801414429,0.7893774088541666,5.890486225480862,1,15,0
16,1.1,1,1,0,0,0,2,2000,3000,5,0.6999999999999998,-2.110574025612628,0.0004042618570308,0.0242297444038792,0.0001918718080726,0.4112546804798924,2.5932631133813695,1.65966855498099,0.0131351186407946,0.0004247823410828,2.015679252992224,0.7889894856770833,5.497787143782138,1,14,0
16,1.1,1,1,0,0,0,3,2000,3000,5,0.6999999999999998,-2.0945662206423044,0.0003766474762069,0.0274331276374566,0.0002046310794666,0.4677692920591652,3.171650740955904,1.440674787223998,0.0110454993224509,0.0002249025597878,0.5650375557024053,0.7898454264322917,0.7853981633974482,1,2,0
16,1.1,1,1,0,0,0,4,2000,3000,5,0.6999999999999998,-2.1032409904591174,0.0003912192171757,0.0275528164301411,0.0002242663319927,0.5618452033031202,3.326992732764702,1.5543048129807406,0.0228313873078298,0.0004745907316902,2.5160949306416023,0.7894627278645833,5.105088062083414,1,13,0
16,1.1,1,1,0,0,0,5,2000,3000,5,0.6999999999999998,-2.099561191868307,0.000389949653994,0.0280154231210727,0.0001986783496855,0.4409502623235126,3.086614209075204,1.5442332915735857,0.011991458923297,0.0003222890724029,1.160325077442619,0.789525390625,5.497787143782138,1,14,0
16,1.15,1,1,0,0,0,1,2000,3000,5,0.6999999999999998,-2.022857420286392,0.0004300081323603,0.0280212053189088,0.0002133053046751,0.4861683409527065,3.190006289614116,1.7180621103924667,0.0066780369402477,6.719717252338361e-05,0.0482486716697809,0.7975651529947916,5.105088062083414,1,13,0
16,1.15,1,1,0,0,0,2,2000,3000,5,0.6999999999999998,-2.020381465737504,0.0004188859584519,0.0281820030302019,0.0002175100989408,0.5055245068868489,3.2946579753231124,1.6303360323335734,0.0093717080097255,0.0002110663255939,0.4760156833138632,0.7976985514322916,0.3926990816987241,2,1,0
16,1.15,1,1,0,0,0,3,2000,3000,5,0.6999999999999998,-2.0213370681029805,0.0004174439064347,0.0283697334557013,0.0002257723716362,0.5446593362644047,3.09877001265016,1.6191302017087672,0.0077353568955553,0.0001318907007221,0.1858710334275311,0.7976464192708334,5.497787143782138,1,14,0
16,1.15,1,1,0,0,0,4,2000,3000,5,0.6999999999999998,-2.022619762770707,0.0004203537359171,0.0292702515948295,0.0002083290947983,0.4637492454390237,3.447922719496487,1.6417814528731485,0.0095942322746512,0.0001732272799143,0.3206386964731307,0.79754814453125,0.3926990816987241,0,1,0
16,1.15,1,1,0,0,0,5,2000,3000,5,0.6999999999999998,-2.0212116914506386,0.0004207719036469,0.0253536992478958,0.0001963831576133,0.412089775976779,2.6460411120632377,1.6450495646994747,0.0110519676998682,0.0001705481713048,0.3107974854789397,0.797645703125,5.890486225480862,1,15,0
16,1.2,1,1,0,0,0,1,2000,3000,5,0.6999999999999998,-1.9402934044451747,0.0004332294450898,0.0298097615318297,0.0002276179611984,0.5305337473036024,3.4971136260283253,1.6016021511921046,0.005785283657202,8.535901568564627e-05,0.0746102943623414,0.8055888671875,5.497787143782138,0,14,0
16,1.2,1,1,0,0,0,2,2000,3000,5,0.6999999999999998,-1.9424901973339237,0.0004455359471542,0.0278587361430674,0.0002138307017412,0.4682093466334106,3.106454334551863,1.6938861244297716,0.0059714175962612,9.279977571088576e-05,0.0881848153291848,0.8054811848958333,0.3926990816987241,0,1,0
16,1.2,1,1,0,0,0,3,2000,3000,5,0.6999999999999998,-1.938971925384176,0.0004425994206532,0.0288153687906585,0.0002241563482159,0.5145197408822221,3.298570778553099,1.6716309091205834,0.0064280840678065,0.0001048969311697,0.1126744695688101,0.8056312825520833,0.7853981633974482,2,2,0
16,1.2,1,1,0,0,0,4,2000,3000,5,0.6999999999999998,-1.944514722944306,0.0004296282404475,0.0280682536703515,0.0002149355588534,0.4730602952666262,3.130474533211565,1.575086293248272,0.0083740098600119,0.0001356147310945,0.1883274781679401,0.8052494303385416,0.7853981633974482,1,2,0
16,1.2,1,1,0,0,0,5,2000,3000,5,0.6999999999999998,-1.9406796826379908,0.0004162273204082,0.0275085290213003,0.000212318596526,0.4616108690511909,3.004902214888137,1.4783588885695915,0.0063308663645211,9.108245183625571e-05,0.0849511734528393,0.8055190266927083,0.7853981633974482,2,2,0
16,1.25,1,1,0,0,0,1,2000,3000,5,0.6999999999999998,-1.864649830429862,0.0004545248213138,0.0287893867417002,0.000217164391832,0.4636053315234055,3.152306940080368,1.6247119926297433,0.0046130851758235,4.4842441586378536e-05,0.0197674064356419,0.8128154785156249,5.497787143782138,2,14,0
16,1.25,1,1,0,0,0,2,2000,3000,5,0.6999999999999998,-1.862634963841894,0.0004521115347482,0.027624331613409,0.0002108161314407,0.4368968051162086,2.928094029584084,1.6075050701483986,0.0058137545491072,6.054176127108223e-05,0.0360314128741634,0.8130328776041666,0.7853981633974482,0,2,0
16,1.25,1,1,0,0,0,3,2000,3000,5,0.6999999999999998,-1.8631964453764616,0.0004220500498317,0.0280134175073186,0.0002019330764031,0.4008538997945432,2.9263193208387555,1.4008417876418393,0.003766190896588,3.0596337863247026e-05,0.0092025902593667,0.8129084798177083,0.3926990816987241,2,1,0
16,1.25,1,1,0,0,0,4,2000,3000,5,0.6999999999999998,-1.8586624999661785,0.0004644727436761,0.0307336982723319,0.0002370158494417,0.552237592280609,3.538136424725612,1.696608521693963,0.005083101955041,5.077456156918815e-05,0.0253433227104414,0.8130822428385416,5.497787143782138,0,14,0
16,1.25,1,1,0,0,0,5,2000,3000,5,0.6999999999999998,-1.8612703946718911,0.0004447766193234,0.0285234611742899,0.0002166099495376,0.4612410923943375,3.093221789381535,1.5557688643825358,0.0042776235618395,4.397742556051862e-05,0.0190121308218748,0.81302802734375,0.7853981633974482,2,2,0
16,1.3,1,1,0,0,0,1,2000,3000,5,0.6999999999999998,-1.7863841601275074,0.0004683792495103,0.0287944153580002,0.0002352951232877,0.5233156257603728,3.086084441391354,1.5951068895963574,0.004226882307895,2.7692607098312386e-05,0.007248790334872,0.8201643391927083,0.7853981633974482,1,2,0
16,1.3,1,1,0,0,0,2,2000,3000,5,0.6999999999999998,-1.7793176807463142,0.0004856793267328,0.0290441056539394,0.0002281883731762,0.4921810344043693,3.1137887218183864,1.7151169293558006,0.0050355915745045,4.774151063017713e-05,0.021544189673957,0.8204983723958333,5.497787143782138,2,14,0
16,1.3,1,1,0,0,0,3,2000,3000,5,0.6999999999999998,-1.7827978186556168,0.0004947824275781,0.0297697158519747,0.0002241340518549,0.4748468211484395,3.2152055072836627,1.7800124183818389,0.0055464128542432,6.04509617212825e-05,0.0345417454484366,0.820361376953125,0.7853981633974482,0,2,0
16,1.3,1,1,0,0,0,4,2000,3000,5,0.6999999999999998,-1.7816201762250252,0.0004735750749893,0.0288180510920607,0.0002094016269658,0.414474631098072,2.9489927888648246,1.6306928669170402,0.0051067585636827,4.537302037331531e-05,0.0194595696116715,0.8203686848958333,5.497787143782138,1,14,0
16,1.3,1,1,0,0,0,5,2000,3000,5,0.6999999999999998,-1.7823103849544226,0.0004510276027242,0.0276892506602087,0.000206397834345,0.4026689317555955,2.7737382365921124,1.4791109111094536,0.0043795780452698,3.9696376019833184e-05,0.0148949679098453,0.8203667317708333,0.7853981633974482,0,2,0
16,1.35,1,1,0,0,0,1,2000,3000,5,0.6999999999999998,-1.700992339024212,0.0004867065126126,0.028719584894593,0.0002301069853116,0.4819556096154195,2.8577408769198,1.5971583665883589,0.0040833539671305,3.5850146783451486e-05,0.0116984765953821,0.8274191243489583,0.3926990816987241,1,1,0
16,1.35,1,1,0,0,0,2,2000,3000,5,0.6999999999999998,-1.69878302585643,0.0004557024767657,0.0277675650650668,0.000227564540131,0.4713642204733685,2.767228232695537,1.400156057721174,0.0041579810426519,3.657605932161699e-05,0.0121770267579591,0.8276704427083333,5.890486225480862,1,15,0
16,1.35,1,1,0,0,0,3,2000,3000,5,0.6999999999999998,-1.7047619433999852,0.0004579723611225,0.0255551924231954,0.0002062544832884,0.3872168334364724,2.2927584965748924,1.4141393379913154,0.0044627961606718,3.369815617458329e-05,0.0103361716184551,0.8273515299479167,5.497787143782138,0,14,0
16,1.35,1,1,0,0,0,4,2000,3000,5,0.6999999999999998,-1.698098656590431,0.0004330485874597,0.0274409719084401,0.0002071336632937,0.3905249686821326,2.6669024874460088,1.2644070781846946,0.004849924955279,4.753954326231703e-05,0.0205710966200521,0.8277571451822917,5.497787143782138,1,14,0
16,1.35,1,1,0,0,0,5,2000,3000,5,0.6999999999999998,-1.7010623455980216,0.0004701580028514,0.0282420685762124,0.0002183101415782,0.4338057026300047,2.7272139850204384,1.4903948167158014,0.0041043404974082,2.842394410387284e-05,0.0073538728247303,0.8275316080729167,0.7853981633974482,0,2,0
16,1.4,1,1,0,0,0,1,2000,3000,5,0.6999999999999998,-1.6262932215252262,0.000480224590884,0.0280878487231492,0.0002123600178136,0.3958208555811037,2.675292807188589,1.4458189804550083,0.0038778882764621,3.656592633339413e-05,0.0117356277931377,0.8343108886718749,0.7853981633974482,0,2,0
16,1.4,1,1,0,0,0,2,2000,3000,5,0.6999999999999998,-1.6226238983744048,0.0005227966306706,0.0280567458586107,0.0002290755219546,0.4605857917113336,2.7400521602574934,1.7135259713238364,0.0037420832873867,3.0700365279118375e-05,0.0082725662275697,0.834409716796875,0.3926990816987241,0,1,0
16,1.4,1,1,0,0,0,3,2000,3000,5,0.6999999999999998,-1.6252769174627328,0.0004946568316456,0.0288507131667071,0.0002256639364792,0.4469690856066851,2.871544839704,1.5340275320813557,0.0034180754289571,3.0375819638889305e-05,0.0080985856181482,0.8342368001302082,0.3926990816987241,2,1,0
16,1.4,1,1,0,0,0,4,2000,3000,5,0.6999999999999998,-1.626297786543904,0.0004811925064194,0.0293467415020911,0.0002269791285199,0.4521942289585813,2.952090669120192,1.4516530880319245,0.0042250023939825,4.0465243797598496e-05,0.0143720093017153,0.8342435221354166,0.3926990816987241,0,1,0
16,1.4,1,1,0,0,0,5,2000,3000,5,0.6999999999999998,-1.6234894803427582,0.0005115157230639,0.0280703279067829,0.0002181665461453,0.4177625250989343,2.6262602116193525,1.6403748672259215,0.0043690004947796,3.491944997976731e-05,0.0107025670163555,0.8344885579427083,5.497787143782138,1,14,0
16,1.45,1,1,0,0,0,1,2000,3000,5,0.6999999999999998,-1.5496323773147576,0.0004930209271033,0.02656551122687,0.0001999529596004,0.3388198718750503,2.3120044644701587,1.4206133980956313,0.0039643349574052,3.460287902751473e-05,0.0101470002097708,0.8409243326822917,5.105088062083414,0,13,0
16,1.45,1,1,0,0,0,2,2000,3000,5,0.6999999999999998,-1.5507570277883196,0.0005163823349106,0.0284731119480904,0.0002129737774116,0.3843841471593927,2.652586478935267,1.5584323404739135,0.003834785618282,3.503655505324136e-05,0.010402937665314,0.8409263834635416,5.890486225480862,0,15,0
16,1.45,1,1,0,0,0,3,2000,3000,5,0.6999999999999998,-1.5485884358941815,0.0004846923291678,0.0273461503042687,0.0001977488399164,0.3313912897392212,2.285853408519241,1.3730219851553211,0.0036456133077396,3.0961039957058404e-05,0.0081235204891688,0.8409505208333333,5.890486225480862,2,15,0
16,1.45,1,1,0,0,0,4,2000,3000,5,0.6999999999999998,-1.5459453038968562,0.0005064483216876,0.0265845680089635,0.0002046198741251,0.3548206006865026,2.341170582910185,1.49904776333629,0.0037377614864248,2.803713790648859e-05,0.0066616307456702,0.8411153483072916,5.497787143782138,2,14,0
16,1.45,1,1,0,0,0,5,2000,3000,5,0.6999999999999998,-1.5474272885552498,0.0005142103960575,0.0291851005406258,0.0002349948037948,0.4679826140527534,2.8623776775035044,1.5453501680907569,0.0038963754406299,3.240185545457569e-05,0.008897191966219,0.8409558756510416,0.3926990816987241,1,1,0
16,1.5,1,1,0,0,0,1,2000,3000,5,0.6999999999999998,-1.477253483065353,0.0004924056579403,0.0286561923457307,0.0002421131487141,0.4802050193840678,2.6666419175176386,1.3241730770080795,0.003390202150517,3.1618720162138475e-05,0.0081898984627537,0.8472179361979166,0.7853981633974482,2,2,0
16,1.5,1,1,0,0,0,2,2000,3000,5,0.6999999999999998,-1.4804189363742253,0.0004896888239931,0.0309066161799541,0.0002233113375085,0.4085182747433087,2.9936413361889103,1.3096012149759886,0.0035769407855384,3.1799484962999526e-05,0.0082838097421273,0.8470185058593749,0.7853981633974482,2,2,0
16,1.5,1,1,0,0,0,3,2000,3000,5,0.6999999999999998,-1.477283504192705,0.0004798612403566,0.0284284597356931,0.0002165862044873,0.3842833119169375,2.470512706275296,1.2575638049947162,0.0031997501418261,2.8051569003427647e-05,0.0064462071689548,0.8471500325520833,5.497787143782138,1,14,0
16,1.5,1,1,0,0,0,4,2000,3000,5,0.6999999999999998,-1.4774080709290505,0.000528341314949,0.0276887985967786,0.0002256064859632,0.416958763079319,2.4562533598790575,1.5245014088749256,0.002997465051324,2.231297836362176e-05,0.004078542876307,0.84719228515625,0.3926990816987241,2,1,0
16,1.5,1,1,0,0,0,5,2000,3000,5,0.6999999999999998,-1.4781175282834875,0.0005047358191586,0.028086021111676,0.0002186304576117,0.3915716771472708,2.530524132923739,1.3913197070569427,0.0032278391482847,2.4857477985311494e-05,0.0050617893829856,0.8471913899739583,5.890486225480862,1,15,0
16,1.55,1,1,0,0,0,1,2000,3000,5,0.6999999999999998,-1.4096559945419167,0.000492090381817,0.0288736055249487,0.0002247923910508,0.4006016356038377,2.5720047834860686,1.2385329341762583,0.0032207994246026,2.439029816501809e-05,0.0047161077990841,0.8529595703125,0.3926990816987241,1,1,0
16,1.55,1,1,0,0,0,2,2000,3000,5,0.6999999999999998,-1.41051072151208,0.0005315252011228,0.0291500649001904,0.0002276883276292,0.4109897955679003,2.608310975760168,1.444992281581696,0.0029324675898806,2.2454055175218e-05,0.0039970453475861,0.852987451171875,5.497787143782138,1,14,0
16,1.55,1,1,0,0,0,3,2000,3000,5,0.6999999999999998,-1.4049855005746086,0.000498535498869,0.0285020093780209,0.0002239829302806,0.3977217563648567,2.5310573521231103,1.2711885806273158,0.0031879407232487,2.236925748218218e-05,0.003966912686179,0.8532374511718749,5.890486225480862,2,15,0
16,1.55,1,1,0,0,0,4,2000,3000,5,0.6999999999999998,-1.4049188270471522,0.0004895714061169,0.0271435169027396,0.0002127172020293,0.3587192874744848,2.297053477429901,1.225885463814112,0.0029260866681329,1.96577420951782e-05,0.0030634921398447,0.8532935872395833,0.7853981633974482,1,2,0
16,1.55,1,1,0,0,0,5,2000,3000,5,0.6999999999999998,-1.4078147461250363,0.0005135328041042,0.0270710159146265,0.0002089231530382,0.3460370871365558,2.2571908620588728,1.348820595908906,0.0028986218448431,2.001688138580721e-05,0.0031764522842585,0.8531089680989583,0.7853981633974482,1,2,0
16,1.6,1,1,0,0,0,1,2000,3000,5,0.6999999999999998,-1.344905453889502,0.0005083604694786,0.0276537080271874,0.0002164379388737,0.3597725290286482,2.2832651278196567,1.24046576125721,0.0028580186822294,2.3447760573822213e-05,0.0042224446151215,0.8586526529947917,5.497787143782138,2,14,0
16,1.6,1,1,0,0,0,2,2000,3000,5,0.6999999999999998,-1.3445684811689058,0.0005178975013046,0.0277708806478363,0.0002074447333241,0.3304958775086959,2.2971164113643967,1.2874455449164348,0.0027401443763627,1.8245111041767472e-05,0.0025565497107949,0.8587567545572916,5.497787143782138,1,14,0
16,1.6,1,1,0,0,0,3,2000,3000,5,0.6999999999999998,-1.34407625621221,0.0005011195640049,0.0277635681829494,0.0002249573908806,0.3886527568268999,2.329853113485112,1.2053799236566918,0.002999408671591,2.3057458944175228e-05,0.0040830444515506,0.8588115397135416,5.497787143782138,2,14,0
16,1.6,1,1,0,0,0,4,2000,3000,5,0.6999999999999998,-1.343924631206452,0.0005284517372642,0.0303760189107299,0.0002256712019317,0.3911231338084127,2.7414783291054605,1.340453945364478,0.002817906418319,1.9236131529136517e-05,0.0028418208476639,0.8587153645833333,1.5707963267948966,0,4,0
16,1.6,1,1,0,0,0,5,2000,3000,5,0.6999999999999998,-1.3443925533967658,0.0005308682022891,0.0284369180656643,0.000218862299205,0.3678774221823402,2.383806047907328,1.3527410313683272,0.0026280590319357,1.7612273794552043e-05,0.0023822760054855,0.8587032552083333,5.497787143782138,1,14,0
16,1.65,1,1,0,0,0,1,2000,3000,5,0.6999999999999998,-1.2855050440532354,0.000530474845029,0.0273924255451279,0.0002167187768903,0.3497762686183769,2.2092752887282083,1.2701145859067158,0.0024407262157036,1.7681673016245546e-05,0.0023283269680662,0.863932470703125,1.1780972450961724,2,3,0
16,1.65,1,1,0,0,0,2,2000,3000,5,0.6999999999999998,-1.2846539123686052,0.0004946074093078,0.0271521766213537,0.0002027750166117,0.3062147806441355,2.1188366904479183,1.104166457681178,0.0029376213615049,2.0220924040031865e-05,0.0030450838362874,0.8638849283854166,0.7853981633974482,0,2,0
16,1.65,1,1,0,0,0,3,2000,3000,5,0.6999999999999998,-1.2825411537110436,0.0005010808210121,0.0284157287132867,0.000219572392482,0.3590481774056262,2.33893249990468,1.133258212349169,0.0026273296326907,2.2646680436798797e-05,0.0038194986621224,0.8640827148437499,0.7853981633974482,2,2,0
16,1.65,1,1,0,0,0,4,2000,3000,5,0.6999999999999998,-1.2869796978800765,0.0005132880060415,0.0282035793534053,0.0002094441890296,0.3266885320575833,2.2909906377960407,1.1891470060502984,0.0027723808192677,2.0071999401833905e-05,0.0030003956641957,0.863840234375,5.497787143782138,1,14,0
16,1.65,1,1,0,0,0,5,2000,3000,5,0.6999999999999998,-1.2852550866581292,0.0004813101205098,0.0267651539716134,0.0002176340105604,0.3527368149374925,2.105291514039448,1.0455945277165837,0.002453066942564,1.913746380137813e-05,0.002727507936342,0.8639243489583333,5.497787143782138,1,14,0
16,1.7,1,1,0,0,0,1,2000,3000,5,0.6999999999999998,-1.2277015050755746,0.0005167691089098,0.0276471532297219,0.0002239398283688,0.3624891095391807,2.174103533356305,1.1354720529121256,0.0024330066951845,1.6036249754646957e-05,0.0018588224297086,0.8689513509114583,5.497787143782138,1,14,0
16,1.7,1,1,0,0,0,2,2000,3000,5,0.6999999999999998,-1.229318216590079,0.0005049549471252,0.0278897970529266,0.0002105643403126,0.320480736036493,2.1086178601294923,1.0841481242626554,0.0024411981004328,1.7334504218274535e-05,0.0021719765461356,0.8688180989583332,5.890486225480862,0,15,0
16,1.7,1,1,0,0,0,3,2000,3000,5,0.6999999999999998,-1.2315925136421848,0.000517977453038,0.0282790796210837,0.0002161319146972,0.3376525881875883,2.2458175359047527,1.1407883346450824,0.0023367960652482,1.4761808580358818e-05,0.0015751119274212,0.8687723958333333,0.7853981633974482,2,2,0
16,1.7,1,1,0,0,0,4,2000,3000,5,0.6999999999999998,-1.2298275247888624,0.0004958787502767,0.0276928506339548,0.0002219454707138,0.3560613669012693,2.1966114041816533,1.0455248413098936,0.0024097778204185,1.647408356671483e-05,0.0019617100211845,0.8688124674479166,1.1780972450961724,2,3,0
16,1.7,1,1,0,0,0,5,2000,3000,5,0.6999999999999998,-1.2275141217596717,0.0005040017859484,0.0270110626239952,0.0002147687024628,0.3334066577713214,2.0855173193295142,1.080059075896086,0.0022452741833975,1.4977447942888056e-05,0.0016214662701676,0.8688891764322916,5.497787143782138,2,14,0
16,1.8,1,1,0,0,0,1,2000,3000,5,0.6999999999999998,-1.1347953224547598,0.0004829248381952,0.027574902030629,0.0002085358870799,0.2968727292600599,2.0109262119597147,0.8844947886303575,0.0021115570178906,1.3626986895580371e-05,0.0012676763091784,0.8774629720052082,5.890486225480862,0,15,0
16,1.8,1,1,0,0,0,2,2000,3000,5,0.6999999999999998,-1.1316018127068337,0.0004817031979188,0.0267539546184735,0.0002021574094356,0.278989606842021,1.896230991187118,0.8800254895796175,0.0021248048324718,1.4075826941191018e-05,0.0013525599851749,0.8776878580729167,4.71238898038469,0,12,0
16,1.8,1,1,0,0,0,3,2000,3000,5,0.6999999999999998,-1.1325272568176323,0.0005012107666765,0.0270168259706032,0.0002071540182186,0.2929512943896804,1.9255670963741327,0.9527456526505264,0.0020570614094,1.3271643220988242e-05,0.0012024252674403,0.8775732910156249,5.890486225480862,1,15,0
16,1.8,1,1,0,0,0,4,2000,3000,5,0.6999999999999998,-1.130103018378687,0.0004782401107182,0.0289859201136121,0.0002250220785229,0.3456678285501347,2.2436473297349075,0.8674175184583981,0.0021658191044641,1.3847880673333182e-05,0.001309107535482,0.8777550781249999,0.7853981633974482,2,2,0
16,1.8,1,1,0,0,0,5,2000,3000,5,0.6999999999999998,-1.1280262864511463,0.0004990146632195,0.0275832194855035,0.0001995072128358,0.2717226869659389,1.9558358514523568,0.9444148493580222,0.002025318531022,1.2330160860356404e-05,0.0010378777043098,0.8778553385416666,5.105088062083414,0,13,0
16,1.9,1,1,0,0,0,1,2000,3000,5,0.6999999999999998,-1.0442242411938116,0.0004947854541455,0.0264096611195522,0.000220134890432,0.3134045991485457,1.8059319359069248,0.8333124070776587,0.0018606957142166,1.163923194302924e-05,0.0008761455253199,0.8855502278645833,5.497787143782138,0,14,0
16,1.9,1,1,0,0,0,2,2000,3000,5,0.6999999999999998,-1.0487256761733077,0.0005014438600769,0.0246907166709852,0.0001956004899302,0.2474386162156125,1.5533414527991711,0.8558913489781222,0.0018223666633618,1.115564745141558e-05,0.0008048541053161,0.88532822265625,0.3926990816987241,0,1,0
16,1.9,1,1,0,0,0,3,2000,3000,5,0.6999999999999998,-1.044346901797078,0.0004558451285336,0.0277158689185534,0.0002137155310581,0.2953927079533761,1.9167247779917465,0.7073081084439301,0.0018440338864237,1.144020243658083e-05,0.0008464377432815,0.885489453125,5.890486225480862,1,15,0
16,1.9,1,1,0,0,0,4,2000,3000,5,0.6999999999999998,-1.0456227652819228,0.0004776274770915,0.0270983852944504,0.0002126344039275,0.2924116489720884,1.8747696147920976,0.7765199303196315,0.0018080436637484,9.681535544244714e-06,0.0006062002207979,0.8854685872395833,4.319689898685965,0,11,0
16,1.9,1,1,0,0,0,5,2000,3000,5,0.6999999999999998,-1.0467309293699252,0.0004460283577592,0.0267363158345254,0.0002057029960338,0.2736584331735099,1.8107905407416012,0.6771719236376672,0.0018788915498193,1.1746762705575989e-05,0.0008924091061804,0.885454443359375,5.105088062083414,2,13,0
16,2.0,1,1,0,0,0,1,2000,3000,5,0.6999999999999998,-0.9729909343128492,0.0004434382779957,0.0274926644359265,0.0001952781177965,0.2342924899748248,1.742658304938028,0.604070419635788,0.0017490628107588,1.0821171766460752e-05,0.0007194486276049,0.892322021484375,0.7853981633974482,0,2,0
16,2.0,1,1,0,0,0,2,2000,3000,5,0.6999999999999998,-0.971326424079099,0.0004492821441646,0.0257816106403252,0.0001871469119054,0.2151872510100052,1.5410120855381462,0.6200968552403023,0.001687307031849,9.558328017591935e-06,0.0005613258823181,0.8923668619791667,0.3926990816987241,2,1,0
16,2.0,1,1,0,0,0,3,2000,3000,5,0.6999999999999998,-0.974987014505704,0.0004660888538456,0.0271030985471323,0.0002027614383098,0.252593362117608,1.7215078759445632,0.6673576540543529,0.0016744913005011,9.829035785553081e-06,0.0005935714988463,0.892194921875,5.890486225480862,1,15,0
16,2.0,1,1,0,0,0,4,2000,3000,5,0.6999999999999998,-0.9738570185041314,0.0004572534909588,0.0281095396079625,0.0002229997557579,0.305534306722343,1.897114344126597,0.6422960793416577,0.0017696606974331,1.1732733446868126e-05,0.000845764817727,0.8922721516927083,5.497787143782138,0,14,0
16,2.0,1,1,0,0,0,5,2000,3000,5,0.6999999999999998,-0.9746374139932236,0.0004975987723642,0.0263004308038907,0.000212078104215,0.2763394393341175,1.6812376648755027,0.7606411415297895,0.0017117080431221,9.752411946597613e-06,0.0005843530062406,0.8921652018229167,5.890486225480862,2,15,0
32,0.8,1,1,0,0,0,1,2000,3000,5,0.6999999999999998,-2.5471350543411537,0.0001054028794543,0.0064817292134651,4.827520616044015e-05,0.2863712907058786,1.9977229704043893,1.7064602107801898,0.1116406281218221,0.0007889484082705,76.48537693135121,0.7336235961914062,5.497787143782138,2,28,0
32,0.8,1,1,0,0,0,2,2000,3000,5,0.6999999999999998,-2.546734077304774,9.776550160177648e-05,0.0071604219504835,5.5370270359157256e-05,0.3767337172557211,2.408317262348316,1.4681231314094532,0.1190880611552055,0.0008437461677579,87.47920534809204,0.7336536844889323,5.497787143782138,2,28,0
32,0.8,1,1,0,0,0,3,2000,3000,5,0.6999999999999998,-2.5470867670557995,0.0001022155902006,0.0068481825850243,5.5219868122646e-05,0.3746898537040792,2.2563868176747266,1.6048169287779426,0.1209546544270968,0.0007559438601368,70.21991358610575,0.7336261739095052,0.7853981633974482,2,4,0
32,0.8,1,1,0,0,0,4,2000,3000,5,0.6999999999999998,-2.545589428860408,9.927844941426541e-05,0.0067361273131772,5.3062064575008014e-05,0.3459788018027298,2.196747802186343,1.5139139355802913,0.1280554166025127,0.0008473092850775,88.2196100602179,0.7337248453776041,5.497787143782138,2,28,0
32,0.8,1,1,0,0,0,5,2000,3000,5,0.6999999999999998,-2.546871498964235,9.806164707541546e-05,0.0070322660582751,5.485831456513381e-05,0.3697993331008109,2.3829876193193136,1.4770309059292166,0.1235265159269969,0.0007702286990956,72.89883634613933,0.7336412455240884,5.497787143782138,2,28,0
32,0.9,1,1,0,0,0,1,2000,3000,5,0.6999999999999998,-2.4146595610758785,0.0001068115110948,0.0074460597925603,5.854502492029748e-05,0.3743765782984843,2.3626290179470035,1.3845935023446203,0.0864862363523164,0.0006958690213308,52.891232375919145,0.753421083577474,0.7853981633974482,2,4,0
32,0.9,1,1,0,0,0,2,2000,3000,5,0.6999999999999998,-2.4128383706418277,0.0001075180360577,0.0071027466471031,5.440337309759254e-05,0.323281114933478,2.0691037029690653,1.4029713957424186,0.1080821907473832,0.000741958840637,60.12959907288939,0.7534677347819009,5.497787143782138,2,28,0
32,0.9,1,1,0,0,0,3,2000,3000,5,0.6999999999999998,-2.4151581439182754,0.0001064442757334,0.0072012993089947,5.488419473781248e-05,0.3290207389852329,2.179461634751493,1.3750889538949127,0.0929175038203685,0.0008232687991967,74.03072342488734,0.7533100463867187,0.7853981633974482,2,4,0
32,0.9,1,1,0,0,0,4,2000,3000,5,0.6999999999999998,-2.4175500847660576,0.0001125874813105,0.0071941055341655,5.323389307869022e-05,0.3095317023198874,2.136469972682969,1.5383897517739056,0.0932776797334817,0.0007020601293087,53.83655971935282,0.753223848470052,0.7853981633974482,2,4,0
32,0.9,1,1,0,0,0,5,2000,3000,5,0.6999999999999998,-2.415808949946352,0.0001118820168596,0.0074743874882108,5.951816726179016e-05,0.3869258803011507,2.409019033289314,1.5191712892796272,0.0994735334306176,0.0008874780252513,86.02880631373628,0.7533185180664062,5.497787143782138,2,28,0
32,1.0,1,1,0,0,0,1,2000,3000,5,0.6999999999999998,-2.2664416578085835,0.0001353850508316,0.0085157392205269,6.0886068505055205e-05,0.3644240695789757,2.6446826080296426,1.8018250249347376,0.0387361872370195,0.0007854763408514,60.65092185660334,0.7718450826009114,5.497787143782138,2,28,0
32,1.0,1,1,0,0,0,2,2000,3000,5,0.6999999999999998,-2.2652004477630583,0.0001849089940008,0.0087401288216105,6.594177074888409e-05,0.4274569670982093,2.866161712459451,3.3611451002788906,0.0332756171700625,0.0008136184332666,65.07478597153428,0.7719210367838542,5.6941366846315,2,29,0
32,1.0,1,1,0,0,0,3,2000,3000,5,0.6999999999999998,-2.262661354322313,0.0001453832330613,0.0095770918158507,6.90090287238635e-05,0.4681478352480846,3.3535658992156447,2.0777813071017226,0.0295335373375117,0.0006745046257256,44.72404280527117,0.7720682576497396,5.6941366846315,2,29,0
32,1.0,1,1,0,0,0,4,2000,3000,5,0.6999999999999998,-2.265054044647969,0.0001336795163069,0.0090789643351288,6.814033999921872e-05,0.4564358858547978,2.9841879060181475,1.7567134266222324,0.0372370487703696,0.00072950372517,52.31499854187227,0.7719000732421873,0.5890486225480862,2,3,0
32,1.0,1,1,0,0,0,5,2000,3000,5,0.6999999999999998,-2.26404662302476,0.0001530932534724,0.0087418336054228,6.692857208201604e-05,0.4403462564352116,2.8966298170669664,2.3040043508143815,0.0352670601975454,0.0007294115788151,52.30178316874533,0.7720037048339843,0.5890486225480862,2,3,0
32,1.1,1,1,0,0,0,1,2000,3000,5,0.6999999999999998,-2.111053421313419,0.0001575700812342,0.0089383487123334,6.681103463392441e-05,0.3989099775908053,2.655008207456792,2.0171274392462695,0.0072026119542261,0.0003027108375787,8.18906737013537,0.7889527384440103,0.7853981633974482,2,4,0
32,1.1,1,1,0,0,0,2,2000,3000,5,0.6999999999999998,-2.1082798675929735,0.0001675343511905,0.0099154454307979,8.2566904965209e-05,0.6092429538874181,3.392197996316019,2.280308234635472,0.0097342123470639,0.0003297238508104,9.71581487304819,0.7890550272623696,0.5890486225480862,0,3,0
32,1.1,1,1,0,0,0,3,2000,3000,5,0.6999999999999998,-2.1171076714535197,0.0002081108000888,0.0090385561652525,7.120753737402121e-05,0.4531379519969952,2.8139199473027063,3.5186417959429,0.0065319684914089,0.0002671194612169,6.376605723777169,0.7886661580403646,0.7853981633974482,2,4,0
32,1.1,1,1,0,0,0,4,2000,3000,5,0.6999999999999998,-2.1102314728891827,0.0001651379847529,0.0105232459037201,8.108514892273707e-05,0.5875720676807727,3.7954631456757673,2.215540943163984,0.0090544021836436,0.0003106995576958,8.626999533037822,0.7889937764485677,0.7853981633974482,2,4,0
32,1.1,1,1,0,0,0,5,2000,3000,5,0.6999999999999998,-2.1059087207118936,0.0001388484120422,0.0095517486796149,7.579936757372342e-05,0.5134636087476016,3.213314046837922,1.5662736938819706,0.0097897952441232,0.0003458906547251,10.691931343141665,0.7892155558268229,0.7853981633974482,2,4,0
32,1.15,1,1,0,0,0,1,2000,3000,5,0.6999999999999998,-2.0264389380705405,0.0001529712892252,0.0101197022008084,7.72529404347933e-05,0.5101564557213029,3.3216276270733327,1.739383567129196,0.0040236850483854,0.0001725988636274,2.5465324425094478,0.7973252034505208,0.5890486225480862,1,3,0
32,1.15,1,1,0,0,0,2,2000,3000,5,0.6999999999999998,-2.026415321595039,0.00014114565456,0.0099626230202949,7.38710054355173e-05,0.4664674772628753,3.1836997219030923,1.480848170615702,0.0036255609333389,0.0001443731188041,1.7817469583268626,0.7973428304036458,0.7853981633974482,2,4,0
32,1.15,1,1,0,0,0,3,2000,3000,5,0.6999999999999998,-2.0289038514233573,0.0001587445911735,0.0092945398737847,7.91297213156695e-05,0.5352450033464276,2.9556314200435287,1.8731535615736552,0.0032433394275568,0.0001368525735805,1.600955598562704,0.7971417928059896,5.301437602932776,0,27,0
32,1.15,1,1,0,0,0,4,2000,3000,5,0.6999999999999998,-2.027501347273144,0.0001560603388123,0.0090453140573756,7.363547287568793e-05,0.4634976212369698,2.729536984658512,1.8103418861590157,0.0025264088495022,0.0001062572575422,0.9651405324630192,0.7972461201985676,0.5890486225480862,2,3,0
32,1.15,1,1,0,0,0,5,2000,3000,5,0.6999999999999998,-2.0281805064959424,0.0001647211832522,0.0101578263427727,7.619030454440803e-05,0.496218290648541,3.3497870099825144,2.016853790180796,0.0036750170151943,0.0001626902911517,2.262541855310228,0.7972434936523437,0.9817477042468103,1,5,0
32,1.2,1,1,0,0,0,1,2000,3000,5,0.6999999999999998,-1.94499930473384,0.0001568122466487,0.0095034985646228,7.094124017752602e-05,0.4122754709852513,2.7711966350557544,1.6786828423875748,0.0015629310337566,5.7031126676244056e-05,0.2664488476640704,0.8052480489095051,0.7853981633974482,0,4,0
32,1.2,1,1,0,0,0,2,2000,3000,5,0.6999999999999998,-1.944887760580856,0.0001538325286051,0.009843374689573,7.542054455967648e-05,0.4659821397342736,3.101341954567684,1.6154929054410547,0.0018835362951295,6.487313533279696e-05,0.3447622605133733,0.8052603332519531,5.6941366846315,1,29,0
32,1.2,1,1,0,0,0,3,2000,3000,5,0.6999999999999998,-1.9456202815575037,0.0001605884861755,0.0100043461901158,7.346802335567676e-05,0.4421673333383386,3.1625667269936404,1.7605059851712754,0.0021700018368927,9.354866446655165e-05,0.7169108069151096,0.8052214009602864,0.7853981633974482,1,4,0
32,1.2,1,1,0,0,0,4,2000,3000,5,0.6999999999999998,-1.945976917515039,0.0001591849786084,0.0098828113083927,7.817747423950885e-05,0.5006718958361863,3.1009501373726054,1.7298675995019506,0.0021011807524322,7.815898141845581e-05,0.5004350567522731,0.8051732218424478,0.5890486225480862,2,3,0
32,1.2,1,1,0,0,0,5,2000,3000,5,0.6999999999999998,-1.944733892901038,0.0001560160831797,0.0095401747653898,7.674379105037454e-05,0.4824768073550682,2.903945741067852,1.6616801765208808,0.0017286058759418,6.249173806257808e-05,0.3199154033526267,0.8052808288574219,5.497787143782138,0,28,0
32,1.25,1,1,0,0,0,1,2000,3000,5,0.6999999999999998,-1.8647329709330231,0.0001558945120613,0.0103699840548807,7.864601384322076e-05,0.4864235662287625,3.1455980210047576,1.5290187733536813,0.0011342525556152,2.4361811323150043e-05,0.046674570191419,0.8128860860188802,0.5890486225480862,0,3,0
32,1.25,1,1,0,0,0,2,2000,3000,5,0.6999999999999998,-1.863908502019474,0.0001590932742188,0.009332435230274,7.116480522543062e-05,0.398282942272515,2.575337000081052,1.5924096601683404,0.0011804673713813,3.2528911461854096e-05,0.0832147355776955,0.8129054972330729,0.5890486225480862,0,3,0
32,1.25,1,1,0,0,0,3,2000,3000,5,0.6999999999999998,-1.8641223107532083,0.0001553691737191,0.0104021872389935,7.715321214304045e-05,0.468132939221356,3.1856794903050902,1.5187310632286193,0.0010864042726624,2.9176745408196668e-05,0.0669475777503343,0.8128606567382812,0.7853981633974482,1,4,0
32,1.25,1,1,0,0,0,4,2000,3000,5,0.6999999999999998,-1.8645613558775849,0.00015854056767,0.0095636870120792,7.189592118642986e-05,0.4065085475975593,2.6778857987454883,1.5813644866858183,0.0015582624262551,5.2442533124060005e-05,0.2162860449177113,0.812833955891927,5.497787143782138,0,28,0
32,1.25,1,1,0,0,0,5,2000,3000,5,0.6999999999999998,-1.8643739419816463,0.0001595207866945,0.0109183577636494,8.220542317035003e-05,0.531449637656303,3.620218883640664,1.600979345876662,0.0012496938157597,4.298388195414181e-05,0.1453022858062802,0.812888163248698,5.497787143782138,1,28,0
32,1.3,1,1,0,0,0,1,2000,3000,5,0.6999999999999998,-1.7855021495985397,0.0001554121599156,0.0104113084179059,7.849984898484076e-05,0.4659780717502693,3.1028344344594494,1.4049293252423611,0.0007287484874377,8.028401435252368e-06,0.0048740053008809,0.8201398620605469,0.7853981633974482,2,4,0
32,1.3,1,1,0,0,0,2,2000,3000,5,0.6999999999999998,-1.78258432094303,0.0001680219415588,0.0100753924984597,7.66712490112995e-05,0.4445216459188842,2.9289617331740567,1.6421638320556886,0.0007467921383294,1.045625484596508e-05,0.0082676133248092,0.8203117940266927,5.301437602932776,2,27,0
32,1.3,1,1,0,0,0,3,2000,3000,5,0.6999999999999998,-1.781827180821998,0.0001668529765217,0.0098896063576442,7.172225906684529e-05,0.3889876005671861,2.843807871218349,1.6193935386171143,0.0007150196904971,6.495786390032352e-06,0.003190739195426,0.8203721110026042,0.7853981633974482,2,4,0
32,1.3,1,1,0,0,0,4,2000,3000,5,0.6999999999999998,-1.784359721188129,0.0001683787117762,0.0101838743926903,7.575687746883031e-05,0.4339822516755122,2.9497050150347146,1.64914502930219,0.0008648024307095,1.4711604539331887e-05,0.0163662025489189,0.8202360860188802,0.5890486225480862,2,3,0
32,1.3,1,1,0,0,0,5,2000,3000,5,0.6999999999999998,-1.7841667731914257,0.0001683533522042,0.0106712964764402,7.957543821561219e-05,0.47883503084453,3.2790243784801394,1.6486483101825495,0.0009648663397444,1.7326472322480863e-05,0.0227011644980009,0.8202697082519531,0.7853981633974482,0,4,0
32,1.35,1,1,0,0,0,1,2000,3000,5,0.6999999999999998,-1.7026155186106269,0.0001779037632841,0.0100184867401146,7.972332114285914e-05,0.4628158097397041,2.806038112751005,1.70715880646342,0.0006923818177084,7.888941837228558e-06,0.0045318437682235,0.8274825195312498,0.9817477042468103,2,5,0
32,1.35,1,1,0,0,0,2,2000,3000,5,0.6999999999999998,-1.7034359673475756,0.0001719179504427,0.0100656053869675,7.839594719171524e-05,0.4475325671077172,2.804563652606187,1.5942121057380616,0.000620683325113,4.886987026653082e-06,0.0017390809323693,0.8274235412597655,5.6941366846315,0,29,0
32,1.35,1,1,0,0,0,3,2000,3000,5,0.6999999999999998,-1.7027837699500006,0.0001772404743801,0.0103556923348075,7.634048672593808e-05,0.4243725362829085,2.8854550807569788,1.694452738987818,0.0007018578280671,6.34631645076705e-06,0.0029327893385326,0.8274890502929687,5.497787143782138,0,28,0
32,1.35,1,1,0,0,0,4,2000,3000,5,0.6999999999999998,-1.7018737511531152,0.0001763181521058,0.010497052420841,7.932905507237637e-05,0.4582494829627979,3.1229364414324614,1.6768634701071927,0.0006850661255337,7.041913769307958e-06,0.003610927980316,0.8275013692220052,5.890486225480862,2,30,0
32,1.35,1,1,0,0,0,5,2000,3000,5,0.6999999999999998,-1.7029724081274198,0.0001729644609438,0.0102770143777236,7.62592844285734e-05,0.4234702182851875,2.972409786432334,1.6136799691112345,0.0006246521436929,5.86885792482258e-06,0.0025080986440501,0.827448769124349,5.497787143782138,2,28,0
32,1.4,1,1,0,0,0,1,2000,3000,5,0.6999999999999998,-1.6245836503511668,0.0001723321208175,0.0097085819518183,7.406965390194508e-05,0.3852332678573914,2.569012969944,1.4895242694980393,0.0005780434701703,3.441909427083614e-06,0.0008318442703782,0.8343440388997396,0.7853981633974482,2,4,0
32,1.4,1,1,0,0,0,2,2000,3000,5,0.6999999999999998,-1.6259674606063643,0.0001811282428994,0.0101105579514947,7.695417881295299e-05,0.4158221027697304,2.711695880955137,1.6454605197487613,0.0005759974832411,3.445143608489427e-06,0.0008334082855344,0.8342830383300781,0.5890486225480862,2,3,0
32,1.4,1,1,0,0,0,3,2000,3000,5,0.6999999999999998,-1.6246029227811527,0.0001925416045444,0.0099184050405881,7.25599117864394e-05,0.3696891001795753,2.63560352288655,1.8593634586812444,0.000580761978194,3.737887286792052e-06,0.0009810599726819,0.834340010579427,0.5890486225480862,1,3,0
32,1.4,1,1,0,0,0,4,2000,3000,5,0.6999999999999998,-1.6262997809985935,0.0001671655743224,0.0099426803655462,7.366513764688275e-05,0.3810370124326631,2.660297915742857,1.4015506844221444,0.0005754818343608,3.6463065450101047e-06,0.0009335756334355,0.8342603535970052,5.301437602932776,1,27,0
32,1.4,1,1,0,0,0,5,2000,3000,5,0.6999999999999998,-1.6227453614422602,0.0001700643779637,0.0110417324456547,8.392077806965098e-05,0.494518060773887,3.278631029565725,1.450580477184815,0.0005716507943186,3.693126377996568e-06,0.0009577044221147,0.8344132100423177,5.497787143782138,0,28,0
32,1.45,1,1,0,0,0,1,2000,3000,5,0.6999999999999998,-1.5503173564643,0.0001753404536343,0.0097474150584444,7.281077826184809e-05,0.3594136225616981,2.484785068960369,1.4374721418360192,0.0005206261423853,3.359046815802429e-06,0.0007649539665441,0.8408653462727864,5.497787143782138,0,28,0
32,1.45,1,1,0,0,0,2,2000,3000,5,0.6999999999999998,-1.549706102807169,0.0001773926842296,0.0103865591380808,7.850981456142668e-05,0.4178795232694429,2.8077596090448766,1.471318161696594,0.0005203237062991,3.5681100998710168e-06,0.0008631368949342,0.8408402974446614,5.6941366846315,0,29,0
32,1.45,1,1,0,0,0,3,2000,3000,5,0.6999999999999998,-1.5494216409770027,0.0001819527925233,0.0104234908266083,7.984912433578227e-05,0.432258461194845,2.865219120568085,1.5479346997277847,0.000552285496617,3.962377836602664e-06,0.0010644247372058,0.8409045166015625,5.301437602932776,1,27,0
32,1.45,1,1,0,0,0,4,2000,3000,5,0.6999999999999998,-1.5491539953753068,0.0001812736369146,0.0100787744972113,7.458773617443348e-05,0.3771707796036372,2.5608231947859106,1.5364006473738787,0.0005622518388927,4.057734470547014e-06,0.0011162730405695,0.8409446838378906,5.497787143782138,1,28,0
32,1.45,1,1,0,0,0,5,2000,3000,5,0.6999999999999998,-1.5477072198841233,0.0001929609155928,0.0099590687499006,7.472241044119814e-05,0.3785340346973335,2.6030811481618374,1.740900249652924,0.0005391761192775,3.299606048785258e-06,0.0007381206739221,0.8410243428548178,0.7853981633974482,2,4,0
32,1.5,1,1,0,0,0,1,2000,3000,5,0.6999999999999998,-1.4765111005853393,0.0001683994408591,0.0106912467929128,7.94370874210732e-05,0.4135486002261673,2.90329021347674,1.2389961643538268,0.0004658793591468,2.810641138408625e-06,0.0005177149757138,0.8471946634928385,5.6941366846315,2,29,0
32,1.5,1,1,0,0,0,2,2000,3000,5,0.6999999999999998,-1.4753459713455408,0.0001905540973769,0.0102275868583352,7.31340854315333e-05,0.3505254860001647,2.5356925955467866,1.5864458565882689,0.0005749719813366,3.7375666602255024e-06,0.0009154988959091,0.8472603841145833,0.7853981633974482,1,4,0
32,1.5,1,1,0,0,0,3,2000,3000,5,0.6999999999999998,-1.4763411770432944,0.0001744586641039,0.0097651775352369,7.465309525012371e-05,0.3652376743394701,2.3658885941531334,1.3297615058122103,0.0005202846954488,4.199474776164961e-06,0.001155765921097,0.8471967305501302,1.1780972450961724,0,6,0
32,1.5,1,1,0,0,0,4,2000,3000,5,0.6999999999999998,-1.4772602437703606,0.0001707087199399,0.010907854265307,7.835901909960963e-05,0.4023999446550439,2.911296698539033,1.2732101236506532,0.0005296976739275,4.2374606372970095e-06,0.0011767691773635,0.8471789184570313,5.497787143782138,1,28,0
32,1.5,1,1,0,0,0,5,2000,3000,5,0.6999999999999998,-1.4765061098689445,0.0001730507109738,0.0099322065398588,7.631516843082285e-05,0.3816819872645028,2.52417304782044,1.308384671325841,0.0004987589140513,2.708695747463788e-06,0.0004808397719029,0.8472329264322916,0.9817477042468103,2,5,0
32,1.55,1,1,0,0,0,1,2000,3000,5,0.6999999999999998,-1.4083920370362424,0.0001763158134145,0.0103970682584078,8.072923336568433e-05,0.4133340163315563,2.6782665703454835,1.2720094080187174,0.0005111816157237,3.560187348387651e-06,0.0008038688435956,0.8531285563151042,0.7853981633974482,2,4,0
32,1.55,1,1,0,0,0,2,2000,3000,5,0.6999999999999998,-1.4084413393665969,0.0001783803378766,0.010602762142257,8.747807712384136e-05,0.485330905563225,2.833082411473661,1.3019723395950633,0.0004700031001221,3.277656846784307e-06,0.0006813440349521,0.8531080810546874,5.6941366846315,2,29,0
32,1.55,1,1,0,0,0,3,2000,3000,5,0.6999999999999998,-1.4075249467688364,0.0001818127866285,0.0097265451621055,7.486011072067648e-05,0.3554188208740724,2.2817918362005134,1.3525603120805136,0.0004340930447593,2.515476046531813e-06,0.0004013098909595,0.853158447265625,5.6941366846315,2,29,0
32,1.55,1,1,0,0,0,4,2000,3000,5,0.6999999999999998,-1.4097456706630695,0.0001778038293639,0.0102568026793631,7.513535485720371e-05,0.3580372190992323,2.5760141164480794,1.2935702341329078,0.0004422990429984,2.5991460084747898e-06,0.0004284506887885,0.8530450683593749,5.497787143782138,2,28,0
32,1.55,1,1,0,0,0,5,2000,3000,5,0.6999999999999998,-1.4073379303095763,0.0001686113166328,0.010269156618563,7.944818466215933e-05,0.4003201476058387,2.579204777856813,1.1632718873693138,0.0004897445280473,3.522805400219501e-06,0.0007870762329056,0.8531466573079427,5.6941366846315,0,29,0
32,1.6,1,1,0,0,0,1,2000,3000,5,0.6999999999999998,-1.3442278187314378,0.0001805799011655,0.0094083036140805,7.20923462559695e-05,0.3193225045211504,2.103958863886987,1.2521894670707128,0.0004108954754276,2.2633462116147765e-06,0.0003147409043638,0.858733506266276,0.7853981633974482,1,4,0
32,1.6,1,1,0,0,0,2,2000,3000,5,0.6999999999999998,-1.3437686273857088,0.000180011972103,0.0094749588595088,7.289756327807448e-05,0.3264955227267606,2.1415802973811395,1.2443255078561883,0.0004377865678504,2.9851002869094936e-06,0.0005474810095354,0.8587324890136718,0.3926990816987241,2,2,0
32,1.6,1,1,0,0,0,3,2000,3000,5,0.6999999999999998,-1.3441453560781338,0.0001799786104595,0.0100748504746652,8.131896019077194e-05,0.4062887907230731,2.445192430677515,1.2438643285613689,0.0004229126821493,2.439942845450601e-06,0.0003657720477121,0.8587065714518229,1.1780972450961724,1,6,0
32,1.6,1,1,0,0,0,4,2000,3000,5,0.6999999999999998,-1.3420690972895302,0.0001734703422474,0.0098054883310272,7.153276356528132e-05,0.3143845640163188,2.278488661782597,1.1555312501545985,0.0004303521927152,2.6123220846348355e-06,0.0004192804868426,0.8588189432779948,5.6941366846315,2,29,0
32,1.6,1,1,0,0,0,5,2000,3000,5,0.6999999999999998,-1.3430983178156304,0.0001754219052571,0.009585790408627,7.362040195206483e-05,0.3330025625753758,2.1994940400151823,1.181677242011174,0.0004178920657742,2.4412505567969598e-06,0.0003661642310284,0.8587579467773437,5.6941366846315,0,29,0
32,1.65,1,1,0,0,0,1,2000,3000,5,0.6999999999999998,-1.2836176113582596,0.00018933090311,0.0098028916286875,7.680441420201887e-05,0.3514468115722033,2.2310481306092607,1.2943338650241016,0.0003940427862106,2.506746732525536e-06,0.0003743761385525,0.863988828531901,0.9817477042468103,0,5,0
32,1.65,1,1,0,0,0,2,2000,3000,5,0.6999999999999998,-1.2842150182235696,0.0001773879210321,0.0099353359140649,7.368530038515366e-05,0.3234811378431264,2.274569205004246,1.136191115522851,0.0004127206361119,2.834100934209566e-06,0.0004785395886437,0.8639506530761719,0.3926990816987241,2,2,0
32,1.65,1,1,0,0,0,3,2000,3000,5,0.6999999999999998,-1.2840700689219435,0.0001706091436867,0.0106731751131723,7.439847390706558e-05,0.329773155477709,2.536459401938318,1.0510125638299386,0.000391334780135,2.2308398588479607e-06,0.0002964995485815,0.8639400410970051,5.6941366846315,0,29,0
32,1.65,1,1,0,0,0,4,2000,3000,5,0.6999999999999998,-1.2832855502191287,0.0001782506316387,0.0102088795879341,7.804102162748701e-05,0.362855021499449,2.3703781599207523,1.1472695214163136,0.0003890273496378,2.247869560976632e-06,0.0003010436412905,0.8639968811035155,5.497787143782138,2,28,0
32,1.65,1,1,0,0,0,5,2000,3000,5,0.6999999999999998,-1.2843810171719552,0.0001627475092573,0.0098529996205516,7.888203529243081e-05,0.3707178183960047,2.278064998849203,0.9563833410268938,0.0003789864579598,2.1500221111954995e-06,0.0002754058100664,0.863952803548177,5.6941366846315,1,29,0
32,1.7,1,1,0,0,0,1,2000,3000,5,0.6999999999999998,-1.2295655518714423,0.0001743613080897,0.0097653329811898,7.719418498649416e-05,0.3445810903582068,2.156429318988342,1.0341263015744977,0.0003616746295613,2.1307256483333215e-06,0.0002625290310431,0.8688358683268229,0.5890486225480862,1,3,0
32,1.7,1,1,0,0,0,2,2000,3000,5,0.6999999999999998,-1.2280564911317635,0.0001769771156146,0.0102599911082148,7.339030441165547e-05,0.311458111871701,2.274121541663301,1.0653874393279965,0.0003483357635783,1.934063534684544e-06,0.000216303597083,0.8688817789713542,0.5890486225480862,1,3,0
32,1.7,1,1,0,0,0,3,2000,3000,5,0.6999999999999998,-1.229914657117216,0.0001809431748727,0.0096376133802,7.901576565184543e-05,0.3610353888488185,2.1238936379292066,1.1136731763757213,0.0003674589317957,2.3173969840511054e-06,0.0003105440003265,0.8688240214029948,0.7853981633974482,1,4,0
32,1.7,1,1,0,0,0,4,2000,3000,5,0.6999999999999998,-1.227608883444355,0.0001742934890336,0.0098463486045033,7.614273536926412e-05,0.3352580519775312,2.184417691591224,1.0333219966403615,0.0003866318408509,2.4242868577971765e-06,0.0003398523541463,0.8688706929524739,0.9817477042468103,0,5,0
32,1.7,1,1,0,0,0,5,2000,3000,5,0.6999999999999998,-1.2274706629771075,0.0001729740475003,0.0096208969263657,6.828433411932499e-05,0.2696276494862954,2.0067201486153174,1.0177362474278784,0.0003646686897505,2.0508910985842455e-06,0.000243224583609,0.8689655843098957,5.105088062083414,0,26,0
32,1.8,1,1,0,0,0,1,2000,3000,5,0.6999999999999998,-1.1300822375277375,0.000170269582713,0.0101058360554879,7.941360136113868e-05,0.3444200833649787,2.1569864625631605,0.8796305877459336,0.000330264310714,1.925604505120176e-06,0.000202503657343,0.8776688252766927,5.301437602932776,0,27,0
32,1.8,1,1,0,0,0,2,2000,3000,5,0.6999999999999998,-1.1293769122643076,0.0001679907574973,0.010133332723518,7.319121997576851e-05,0.2925611516745775,2.1487203097899448,0.8562428466680081,0.0003159169515537,1.701582877287496e-06,0.0001581265872638,0.8777432759602865,0.9817477042468103,0,5,0
32,1.8,1,1,0,0,0,3,2000,3000,5,0.6999999999999998,-1.1303213423213838,0.0001654132988782,0.0100799198195681,8.262769782862669e-05,0.3728636012384988,2.2077218936010845,0.8301699814065215,0.0003282486712505,1.864973840226854e-06,0.0001899521324226,0.8777011352539063,5.6941366846315,1,29,0
32,1.8,1,1,0,0,0,4,2000,3000,5,0.6999999999999998,-1.1292178296492412,0.0001636650169929,0.0101036326287753,7.518615046728275e-05,0.3087268370890143,2.0769646456963478,0.8127142961247495,0.0003277446398068,2.0443034926861225e-06,0.0002282387740103,0.8777578369140625,0.7853981633974482,1,4,0
32,1.8,1,1,0,0,0,5,2000,3000,5,0.6999999999999998,-1.1307041200916108,0.000172239904408,0.009508557618436,7.338432689293284e-05,0.2941069685297875,1.901493338586008,0.9001061541509342,0.0003098083528016,1.6459451716653633e-06,0.0001479549205505,0.8776781656901042,0.3926990816987241,1,2,0
32,1.9,1,1,0,0,0,1,2000,3000,5,0.6999999999999998,-1.0459935808027825,0.0001646036017601,0.0094784892269924,7.27356476442833e-05,0.2737235785137314,1.732115504655199,0.7378068035774894,0.0002932007640966,1.762833033737244e-06,0.000160782933835,0.8854685587565104,0.9817477042468103,2,5,0
32,1.9,1,1,0,0,0,2,2000,3000,5,0.6999999999999998,-1.0458447112848226,0.000164653380931,0.0095116247652307,6.640121034945708e-05,0.2281232656943391,1.7687228684866847,0.7382531238775651,0.0002685609576339,1.384745555857033e-06,9.921047952368756e-05,0.8854664347330728,5.105088062083414,0,26,0
32,1.9,1,1,0,0,0,3,2000,3000,5,0.6999999999999998,-1.0459784426634944,0.0001657898445651,0.0096184025461852,7.559042210491724e-05,0.2956317877862172,1.8791731778021556,0.7484793733600335,0.0002795546472049,1.4186837037955843e-06,0.0001041330883831,0.885458799235026,5.6941366846315,0,29,0
32,1.9,1,1,0,0,0,4,2000,3000,5,0.6999999999999998,-1.0469578766546517,0.0001684562871692,0.0098297789085341,7.686132169684461e-05,0.3056562532818946,1.938868862550071,0.7727489732963837,0.000281743117262,1.6535208975642394e-06,0.0001414610784651,0.8854085530598959,5.6941366846315,1,29,0
32,1.9,1,1,0,0,0,5,2000,3000,5,0.6999999999999998,-1.0464053246485918,0.0001728083187688,0.009510495077851,7.590264345098247e-05,0.298079007341573,1.8387513349799232,0.813192337637816,0.0002770666900878,1.5064274478892283e-06,0.0001174124171869,0.8854544270833333,5.6941366846315,0,29,0
32,2.0,1,1,0,0,0,1,2000,3000,5,0.6999999999999998,-0.9732822757328922,0.0001736017871147,0.0092899048992385,6.844858435170725e-05,0.2302873780102487,1.634429499759884,0.7406611781082744,0.0002503001854999,1.3433999303684503e-06,8.870576322546686e-05,0.892276698811849,5.105088062083414,1,26,0
32,2.0,1,1,0,0,0,2,2000,3000,5,0.6999999999999998,-0.9755507888841451,0.0001606656788378,0.0095734580767225,7.244933533245268e-05,0.2579942370564919,1.7436692996715415,0.634391601719886,0.0002529754396118,1.184692615967551e-06,6.898466460441179e-05,0.8921590372721354,0.7853981633974482,1,4,0
32,2.0,1,1,0,0,0,3,2000,3000,5,0.6999999999999998,-0.9738069504587532,0.0001602721902898,0.0094259223394547,7.739665693977455e-05,0.2944323996280334,1.7382046858459397,0.6312880123157066,0.0002451559775714,1.18477760018277e-06,6.899456222305535e-05,0.8922700927734375,5.890486225480862,2,30,0
32,2.0,1,1,0,0,0,4,2000,3000,5,0.6999999999999998,-0.9738365779327484,0.0001695186384467,0.0088730059337429,6.987643385026552e-05,0.2399952572070559,1.50617819914624,0.7062299143582391,0.000255863515082,1.2713661755112246e-06,7.944791419620742e-05,0.8922134847005208,5.890486225480862,2,30,0
32,2.0,1,1,0,0,0,5,2000,3000,5,0.6999999999999998,-0.9743953824373768,0.0001653671925433,0.0089006927834427,6.704423890275834e-05,0.2209347978879042,1.482799540428504,0.672062874493019,0.0002614636470411,1.4547118617591014e-06,0.0001040148037997,0.8922201354980469,5.6941366846315,1,29,0
